variant,kernel,gap,events,status,delta_cycles,cycles_per_dependency,delta_load_occupancy,delta_exec_occupancy
socs_RV32IM_5SP,add_gap0_dep,0,16384,VALID,0,0.0,0,0
socs_RV32IM_5SP,add_gap1_dep,1,16384,VALID,0,0.0,0,0
socs_RV32IM_5SP,add_gap2_dep,2,16384,VALID,0,0.0,0,0
socs_RV32IM_5SP,add_gap3_dep,3,16384,VALID,0,0.0,0,0
socs_RV32IM_5SP,add_gap4_dep,4,16384,VALID,0,0.0,0,0
socs_RV32IM_5SP,load_gap0_dep,0,16384,VALID,0,0.0,0,0
socs_RV32IM_5SP,load_gap1_dep,1,16384,VALID,0,0.0,0,0
socs_RV32IM_5SP,load_gap2_dep,2,16384,VALID,0,0.0,0,0
socs_RV32IM_5SP,load_gap3_dep,3,16384,VALID,0,0.0,0,0
socs_RV32IM_5SP,load_gap4_dep,4,16384,VALID,0,0.0,0,0
socs_RV32IM_5SP,xor_gap0_dep,0,16384,VALID,0,0.0,0,0
socs_RV32IM_5SP,xor_gap1_dep,1,16384,VALID,0,0.0,0,0
socs_RV32IM_5SP,xor_gap2_dep,2,16384,VALID,0,0.0,0,0
socs_RV32IM_5SP,xor_gap3_dep,3,16384,VALID,0,0.0,0,0
socs_RV32IM_5SP,xor_gap4_dep,4,16384,VALID,0,0.0,0,0
socs_RV32IM_6SP,add_gap0_dep,0,16384,VALID,0,0.0,0,0
socs_RV32IM_6SP,add_gap1_dep,1,16384,VALID,0,0.0,0,0
socs_RV32IM_6SP,add_gap2_dep,2,16384,VALID,0,0.0,0,0
socs_RV32IM_6SP,add_gap3_dep,3,16384,VALID,0,0.0,0,0
socs_RV32IM_6SP,add_gap4_dep,4,16384,VALID,0,0.0,0,0
socs_RV32IM_6SP,load_gap0_dep,0,16384,VALID,16384,1.0,16384,0
socs_RV32IM_6SP,load_gap1_dep,1,16384,VALID,0,0.0,0,0
socs_RV32IM_6SP,load_gap2_dep,2,16384,VALID,0,0.0,0,0
socs_RV32IM_6SP,load_gap3_dep,3,16384,VALID,0,0.0,0,0
socs_RV32IM_6SP,load_gap4_dep,4,16384,VALID,0,0.0,0,0
socs_RV32IM_6SP,xor_gap0_dep,0,16384,VALID,0,0.0,0,0
socs_RV32IM_6SP,xor_gap1_dep,1,16384,VALID,0,0.0,0,0
socs_RV32IM_6SP,xor_gap2_dep,2,16384,VALID,0,0.0,0,0
socs_RV32IM_6SP,xor_gap3_dep,3,16384,VALID,0,0.0,0,0
socs_RV32IM_6SP,xor_gap4_dep,4,16384,VALID,0,0.0,0,0
socs_RV32IM_7SP,add_gap0_dep,0,16384,VALID,0,0.0,0,0
socs_RV32IM_7SP,add_gap1_dep,1,16384,VALID,0,0.0,0,0
socs_RV32IM_7SP,add_gap2_dep,2,16384,VALID,0,0.0,0,0
socs_RV32IM_7SP,add_gap3_dep,3,16384,VALID,0,0.0,0,0
socs_RV32IM_7SP,add_gap4_dep,4,16384,VALID,0,0.0,0,0
socs_RV32IM_7SP,load_gap0_dep,0,16384,VALID,16384,1.0,16384,0
socs_RV32IM_7SP,load_gap1_dep,1,16384,VALID,0,0.0,0,0
socs_RV32IM_7SP,load_gap2_dep,2,16384,VALID,0,0.0,0,0
socs_RV32IM_7SP,load_gap3_dep,3,16384,VALID,0,0.0,0,0
socs_RV32IM_7SP,load_gap4_dep,4,16384,VALID,0,0.0,0,0
socs_RV32IM_7SP,xor_gap0_dep,0,16384,VALID,0,0.0,0,0
socs_RV32IM_7SP,xor_gap1_dep,1,16384,VALID,0,0.0,0,0
socs_RV32IM_7SP,xor_gap2_dep,2,16384,VALID,0,0.0,0,0
socs_RV32IM_7SP,xor_gap3_dep,3,16384,VALID,0,0.0,0,0
socs_RV32IM_7SP,xor_gap4_dep,4,16384,VALID,0,0.0,0,0
socs_RV32IM_7SP_BRAM,add_gap0_dep,0,16384,VALID,0,0.0,0,0
socs_RV32IM_7SP_BRAM,add_gap1_dep,1,16384,VALID,0,0.0,0,0
socs_RV32IM_7SP_BRAM,add_gap2_dep,2,16384,VALID,0,0.0,0,0
socs_RV32IM_7SP_BRAM,add_gap3_dep,3,16384,VALID,0,0.0,0,0
socs_RV32IM_7SP_BRAM,add_gap4_dep,4,16384,VALID,0,0.0,0,0
socs_RV32IM_7SP_BRAM,load_gap0_dep,0,16384,VALID,16384,1.0,16384,0
socs_RV32IM_7SP_BRAM,load_gap1_dep,1,16384,VALID,0,0.0,0,0
socs_RV32IM_7SP_BRAM,load_gap2_dep,2,16384,VALID,0,0.0,0,0
socs_RV32IM_7SP_BRAM,load_gap3_dep,3,16384,VALID,0,0.0,0,0
socs_RV32IM_7SP_BRAM,load_gap4_dep,4,16384,VALID,0,0.0,0,0
socs_RV32IM_7SP_BRAM,xor_gap0_dep,0,16384,VALID,0,0.0,0,0
socs_RV32IM_7SP_BRAM,xor_gap1_dep,1,16384,VALID,0,0.0,0,0
socs_RV32IM_7SP_BRAM,xor_gap2_dep,2,16384,VALID,0,0.0,0,0
socs_RV32IM_7SP_BRAM,xor_gap3_dep,3,16384,VALID,0,0.0,0,0
socs_RV32IM_7SP_BRAM,xor_gap4_dep,4,16384,VALID,0,0.0,0,0
socs_RV32IM_7SP_BRAM_Opt,add_gap0_dep,0,16384,VALID,0,0.0,0,0
socs_RV32IM_7SP_BRAM_Opt,add_gap1_dep,1,16384,VALID,0,0.0,0,0
socs_RV32IM_7SP_BRAM_Opt,add_gap2_dep,2,16384,VALID,0,0.0,0,0
socs_RV32IM_7SP_BRAM_Opt,add_gap3_dep,3,16384,VALID,0,0.0,0,0
socs_RV32IM_7SP_BRAM_Opt,add_gap4_dep,4,16384,VALID,0,0.0,0,0
socs_RV32IM_7SP_BRAM_Opt,load_gap0_dep,0,16384,VALID,16384,1.0,16384,0
socs_RV32IM_7SP_BRAM_Opt,load_gap1_dep,1,16384,VALID,0,0.0,0,0
socs_RV32IM_7SP_BRAM_Opt,load_gap2_dep,2,16384,VALID,0,0.0,0,0
socs_RV32IM_7SP_BRAM_Opt,load_gap3_dep,3,16384,VALID,0,0.0,0,0
socs_RV32IM_7SP_BRAM_Opt,load_gap4_dep,4,16384,VALID,0,0.0,0,0
socs_RV32IM_7SP_BRAM_Opt,xor_gap0_dep,0,16384,VALID,0,0.0,0,0
socs_RV32IM_7SP_BRAM_Opt,xor_gap1_dep,1,16384,VALID,0,0.0,0,0
socs_RV32IM_7SP_BRAM_Opt,xor_gap2_dep,2,16384,VALID,0,0.0,0,0
socs_RV32IM_7SP_BRAM_Opt,xor_gap3_dep,3,16384,VALID,0,0.0,0,0
socs_RV32IM_7SP_BRAM_Opt,xor_gap4_dep,4,16384,VALID,0,0.0,0,0
socs_RV32IM_8SP,add_gap0_dep,0,16384,VALID,16384,1.0,0,16384
socs_RV32IM_8SP,add_gap1_dep,1,16384,VALID,0,0.0,0,0
socs_RV32IM_8SP,add_gap2_dep,2,16384,VALID,0,0.0,0,0
socs_RV32IM_8SP,add_gap3_dep,3,16384,VALID,0,0.0,0,0
socs_RV32IM_8SP,add_gap4_dep,4,16384,VALID,0,0.0,0,0
socs_RV32IM_8SP,load_gap0_dep,0,16384,VALID,32768,2.0,32768,0
socs_RV32IM_8SP,load_gap1_dep,1,16384,VALID,16384,1.0,16384,0
socs_RV32IM_8SP,load_gap2_dep,2,16384,VALID,0,0.0,0,0
socs_RV32IM_8SP,load_gap3_dep,3,16384,VALID,0,0.0,0,0
socs_RV32IM_8SP,load_gap4_dep,4,16384,VALID,0,0.0,0,0
socs_RV32IM_8SP,xor_gap0_dep,0,16384,VALID,16384,1.0,0,16384
socs_RV32IM_8SP,xor_gap1_dep,1,16384,VALID,0,0.0,0,0
socs_RV32IM_8SP,xor_gap2_dep,2,16384,VALID,0,0.0,0,0
socs_RV32IM_8SP,xor_gap3_dep,3,16384,VALID,0,0.0,0,0
socs_RV32IM_8SP,xor_gap4_dep,4,16384,VALID,0,0.0,0,0
socs_RV32IM_8SP_withoutOpt,add_gap0_dep,0,16384,VALID,16384,1.0,0,16384
socs_RV32IM_8SP_withoutOpt,add_gap1_dep,1,16384,VALID,0,0.0,0,0
socs_RV32IM_8SP_withoutOpt,add_gap2_dep,2,16384,VALID,0,0.0,0,0
socs_RV32IM_8SP_withoutOpt,add_gap3_dep,3,16384,VALID,0,0.0,0,0
socs_RV32IM_8SP_withoutOpt,add_gap4_dep,4,16384,VALID,0,0.0,0,0
socs_RV32IM_8SP_withoutOpt,load_gap0_dep,0,16384,VALID,32768,2.0,32768,0
socs_RV32IM_8SP_withoutOpt,load_gap1_dep,1,16384,VALID,16384,1.0,16384,0
socs_RV32IM_8SP_withoutOpt,load_gap2_dep,2,16384,VALID,0,0.0,0,0
socs_RV32IM_8SP_withoutOpt,load_gap3_dep,3,16384,VALID,0,0.0,0,0
socs_RV32IM_8SP_withoutOpt,load_gap4_dep,4,16384,VALID,0,0.0,0,0
socs_RV32IM_8SP_withoutOpt,xor_gap0_dep,0,16384,VALID,16384,1.0,0,16384
socs_RV32IM_8SP_withoutOpt,xor_gap1_dep,1,16384,VALID,0,0.0,0,0
socs_RV32IM_8SP_withoutOpt,xor_gap2_dep,2,16384,VALID,0,0.0,0,0
socs_RV32IM_8SP_withoutOpt,xor_gap3_dep,3,16384,VALID,0,0.0,0,0
socs_RV32IM_8SP_withoutOpt,xor_gap4_dep,4,16384,VALID,0,0.0,0,0
socs_RV32I_5SP,add_gap0_dep,0,16384,VALID,0,0.0,0,0
socs_RV32I_5SP,add_gap1_dep,1,16384,VALID,0,0.0,0,0
socs_RV32I_5SP,add_gap2_dep,2,16384,VALID,0,0.0,0,0
socs_RV32I_5SP,add_gap3_dep,3,16384,VALID,0,0.0,0,0
socs_RV32I_5SP,add_gap4_dep,4,16384,VALID,0,0.0,0,0
socs_RV32I_5SP,load_gap0_dep,0,16384,VALID,0,0.0,0,0
socs_RV32I_5SP,load_gap1_dep,1,16384,VALID,0,0.0,0,0
socs_RV32I_5SP,load_gap2_dep,2,16384,VALID,0,0.0,0,0
socs_RV32I_5SP,load_gap3_dep,3,16384,VALID,0,0.0,0,0
socs_RV32I_5SP,load_gap4_dep,4,16384,VALID,0,0.0,0,0
socs_RV32I_5SP,xor_gap0_dep,0,16384,VALID,0,0.0,0,0
socs_RV32I_5SP,xor_gap1_dep,1,16384,VALID,0,0.0,0,0
socs_RV32I_5SP,xor_gap2_dep,2,16384,VALID,0,0.0,0,0
socs_RV32I_5SP,xor_gap3_dep,3,16384,VALID,0,0.0,0,0
socs_RV32I_5SP,xor_gap4_dep,4,16384,VALID,0,0.0,0,0
socs_RV64IM_5SP,add_gap0_dep,0,16384,VALID,0,0.0,0,0
socs_RV64IM_5SP,add_gap1_dep,1,16384,VALID,0,0.0,0,0
socs_RV64IM_5SP,add_gap2_dep,2,16384,VALID,0,0.0,0,0
socs_RV64IM_5SP,add_gap3_dep,3,16384,VALID,0,0.0,0,0
socs_RV64IM_5SP,add_gap4_dep,4,16384,VALID,0,0.0,0,0
socs_RV64IM_5SP,addw_gap0_dep,0,16384,VALID,0,0.0,0,0
socs_RV64IM_5SP,addw_gap1_dep,1,16384,VALID,0,0.0,0,0
socs_RV64IM_5SP,addw_gap2_dep,2,16384,VALID,0,0.0,0,0
socs_RV64IM_5SP,addw_gap3_dep,3,16384,VALID,0,0.0,0,0
socs_RV64IM_5SP,addw_gap4_dep,4,16384,VALID,0,0.0,0,0
socs_RV64IM_5SP,load_gap0_dep,0,16384,VALID,0,0.0,0,0
socs_RV64IM_5SP,load_gap1_dep,1,16384,VALID,0,0.0,0,0
socs_RV64IM_5SP,load_gap2_dep,2,16384,VALID,0,0.0,0,0
socs_RV64IM_5SP,load_gap3_dep,3,16384,VALID,0,0.0,0,0
socs_RV64IM_5SP,load_gap4_dep,4,16384,VALID,0,0.0,0,0
socs_RV64IM_5SP,xor_gap0_dep,0,16384,VALID,0,0.0,0,0
socs_RV64IM_5SP,xor_gap1_dep,1,16384,VALID,0,0.0,0,0
socs_RV64IM_5SP,xor_gap2_dep,2,16384,VALID,0,0.0,0,0
socs_RV64IM_5SP,xor_gap3_dep,3,16384,VALID,0,0.0,0,0
socs_RV64IM_5SP,xor_gap4_dep,4,16384,VALID,0,0.0,0,0
socs_RV64IM_6SP,add_gap0_dep,0,16384,VALID,0,0.0,0,0
socs_RV64IM_6SP,add_gap1_dep,1,16384,VALID,0,0.0,0,0
socs_RV64IM_6SP,add_gap2_dep,2,16384,VALID,0,0.0,0,0
socs_RV64IM_6SP,add_gap3_dep,3,16384,VALID,0,0.0,0,0
socs_RV64IM_6SP,add_gap4_dep,4,16384,VALID,0,0.0,0,0
socs_RV64IM_6SP,addw_gap0_dep,0,16384,VALID,0,0.0,0,0
socs_RV64IM_6SP,addw_gap1_dep,1,16384,VALID,0,0.0,0,0
socs_RV64IM_6SP,addw_gap2_dep,2,16384,VALID,0,0.0,0,0
socs_RV64IM_6SP,addw_gap3_dep,3,16384,VALID,0,0.0,0,0
socs_RV64IM_6SP,addw_gap4_dep,4,16384,VALID,0,0.0,0,0
socs_RV64IM_6SP,load_gap0_dep,0,16384,VALID,16384,1.0,16384,0
socs_RV64IM_6SP,load_gap1_dep,1,16384,VALID,0,0.0,0,0
socs_RV64IM_6SP,load_gap2_dep,2,16384,VALID,0,0.0,0,0
socs_RV64IM_6SP,load_gap3_dep,3,16384,VALID,0,0.0,0,0
socs_RV64IM_6SP,load_gap4_dep,4,16384,VALID,0,0.0,0,0
socs_RV64IM_6SP,xor_gap0_dep,0,16384,VALID,0,0.0,0,0
socs_RV64IM_6SP,xor_gap1_dep,1,16384,VALID,0,0.0,0,0
socs_RV64IM_6SP,xor_gap2_dep,2,16384,VALID,0,0.0,0,0
socs_RV64IM_6SP,xor_gap3_dep,3,16384,VALID,0,0.0,0,0
socs_RV64IM_6SP,xor_gap4_dep,4,16384,VALID,0,0.0,0,0
socs_RV64IM_7SP,add_gap0_dep,0,16384,VALID,0,0.0,0,0
socs_RV64IM_7SP,add_gap1_dep,1,16384,VALID,0,0.0,0,0
socs_RV64IM_7SP,add_gap2_dep,2,16384,VALID,0,0.0,0,0
socs_RV64IM_7SP,add_gap3_dep,3,16384,VALID,0,0.0,0,0
socs_RV64IM_7SP,add_gap4_dep,4,16384,VALID,0,0.0,0,0
socs_RV64IM_7SP,addw_gap0_dep,0,16384,VALID,0,0.0,0,0
socs_RV64IM_7SP,addw_gap1_dep,1,16384,VALID,0,0.0,0,0
socs_RV64IM_7SP,addw_gap2_dep,2,16384,VALID,0,0.0,0,0
socs_RV64IM_7SP,addw_gap3_dep,3,16384,VALID,0,0.0,0,0
socs_RV64IM_7SP,addw_gap4_dep,4,16384,VALID,0,0.0,0,0
socs_RV64IM_7SP,load_gap0_dep,0,16384,VALID,16384,1.0,16384,0
socs_RV64IM_7SP,load_gap1_dep,1,16384,VALID,0,0.0,0,0
socs_RV64IM_7SP,load_gap2_dep,2,16384,VALID,0,0.0,0,0
socs_RV64IM_7SP,load_gap3_dep,3,16384,VALID,0,0.0,0,0
socs_RV64IM_7SP,load_gap4_dep,4,16384,VALID,0,0.0,0,0
socs_RV64IM_7SP,xor_gap0_dep,0,16384,VALID,0,0.0,0,0
socs_RV64IM_7SP,xor_gap1_dep,1,16384,VALID,0,0.0,0,0
socs_RV64IM_7SP,xor_gap2_dep,2,16384,VALID,0,0.0,0,0
socs_RV64IM_7SP,xor_gap3_dep,3,16384,VALID,0,0.0,0,0
socs_RV64IM_7SP,xor_gap4_dep,4,16384,VALID,0,0.0,0,0
socs_RV64IM_7SP_BRAM,add_gap0_dep,0,16384,VALID,0,0.0,0,0
socs_RV64IM_7SP_BRAM,add_gap1_dep,1,16384,VALID,0,0.0,0,0
socs_RV64IM_7SP_BRAM,add_gap2_dep,2,16384,VALID,0,0.0,0,0
socs_RV64IM_7SP_BRAM,add_gap3_dep,3,16384,VALID,0,0.0,0,0
socs_RV64IM_7SP_BRAM,add_gap4_dep,4,16384,VALID,0,0.0,0,0
socs_RV64IM_7SP_BRAM,addw_gap0_dep,0,16384,VALID,0,0.0,0,0
socs_RV64IM_7SP_BRAM,addw_gap1_dep,1,16384,VALID,0,0.0,0,0
socs_RV64IM_7SP_BRAM,addw_gap2_dep,2,16384,VALID,0,0.0,0,0
socs_RV64IM_7SP_BRAM,addw_gap3_dep,3,16384,VALID,0,0.0,0,0
socs_RV64IM_7SP_BRAM,addw_gap4_dep,4,16384,VALID,0,0.0,0,0
socs_RV64IM_7SP_BRAM,load_gap0_dep,0,16384,VALID,16384,1.0,16384,0
socs_RV64IM_7SP_BRAM,load_gap1_dep,1,16384,VALID,0,0.0,0,0
socs_RV64IM_7SP_BRAM,load_gap2_dep,2,16384,VALID,0,0.0,0,0
socs_RV64IM_7SP_BRAM,load_gap3_dep,3,16384,VALID,0,0.0,0,0
socs_RV64IM_7SP_BRAM,load_gap4_dep,4,16384,VALID,0,0.0,0,0
socs_RV64IM_7SP_BRAM,xor_gap0_dep,0,16384,VALID,0,0.0,0,0
socs_RV64IM_7SP_BRAM,xor_gap1_dep,1,16384,VALID,0,0.0,0,0
socs_RV64IM_7SP_BRAM,xor_gap2_dep,2,16384,VALID,0,0.0,0,0
socs_RV64IM_7SP_BRAM,xor_gap3_dep,3,16384,VALID,0,0.0,0,0
socs_RV64IM_7SP_BRAM,xor_gap4_dep,4,16384,VALID,0,0.0,0,0
socs_RV64IM_7SP_BRAM_Opt,add_gap0_dep,0,16384,VALID,0,0.0,0,0
socs_RV64IM_7SP_BRAM_Opt,add_gap1_dep,1,16384,VALID,0,0.0,0,0
socs_RV64IM_7SP_BRAM_Opt,add_gap2_dep,2,16384,VALID,0,0.0,0,0
socs_RV64IM_7SP_BRAM_Opt,add_gap3_dep,3,16384,VALID,0,0.0,0,0
socs_RV64IM_7SP_BRAM_Opt,add_gap4_dep,4,16384,VALID,0,0.0,0,0
socs_RV64IM_7SP_BRAM_Opt,addw_gap0_dep,0,16384,VALID,0,0.0,0,0
socs_RV64IM_7SP_BRAM_Opt,addw_gap1_dep,1,16384,VALID,0,0.0,0,0
socs_RV64IM_7SP_BRAM_Opt,addw_gap2_dep,2,16384,VALID,0,0.0,0,0
socs_RV64IM_7SP_BRAM_Opt,addw_gap3_dep,3,16384,VALID,0,0.0,0,0
socs_RV64IM_7SP_BRAM_Opt,addw_gap4_dep,4,16384,VALID,0,0.0,0,0
socs_RV64IM_7SP_BRAM_Opt,load_gap0_dep,0,16384,VALID,16384,1.0,16384,0
socs_RV64IM_7SP_BRAM_Opt,load_gap1_dep,1,16384,VALID,0,0.0,0,0
socs_RV64IM_7SP_BRAM_Opt,load_gap2_dep,2,16384,VALID,0,0.0,0,0
socs_RV64IM_7SP_BRAM_Opt,load_gap3_dep,3,16384,VALID,0,0.0,0,0
socs_RV64IM_7SP_BRAM_Opt,load_gap4_dep,4,16384,VALID,0,0.0,0,0
socs_RV64IM_7SP_BRAM_Opt,xor_gap0_dep,0,16384,VALID,0,0.0,0,0
socs_RV64IM_7SP_BRAM_Opt,xor_gap1_dep,1,16384,VALID,0,0.0,0,0
socs_RV64IM_7SP_BRAM_Opt,xor_gap2_dep,2,16384,VALID,0,0.0,0,0
socs_RV64IM_7SP_BRAM_Opt,xor_gap3_dep,3,16384,VALID,0,0.0,0,0
socs_RV64IM_7SP_BRAM_Opt,xor_gap4_dep,4,16384,VALID,0,0.0,0,0
socs_RV64IM_8SP,add_gap0_dep,0,16384,VALID,16384,1.0,0,16384
socs_RV64IM_8SP,add_gap1_dep,1,16384,VALID,0,0.0,0,0
socs_RV64IM_8SP,add_gap2_dep,2,16384,VALID,0,0.0,0,0
socs_RV64IM_8SP,add_gap3_dep,3,16384,VALID,0,0.0,0,0
socs_RV64IM_8SP,add_gap4_dep,4,16384,VALID,0,0.0,0,0
socs_RV64IM_8SP,addw_gap0_dep,0,16384,VALID,16384,1.0,0,16384
socs_RV64IM_8SP,addw_gap1_dep,1,16384,VALID,0,0.0,0,0
socs_RV64IM_8SP,addw_gap2_dep,2,16384,VALID,0,0.0,0,0
socs_RV64IM_8SP,addw_gap3_dep,3,16384,VALID,0,0.0,0,0
socs_RV64IM_8SP,addw_gap4_dep,4,16384,VALID,0,0.0,0,0
socs_RV64IM_8SP,load_gap0_dep,0,16384,VALID,32768,2.0,32768,0
socs_RV64IM_8SP,load_gap1_dep,1,16384,VALID,16384,1.0,16384,0
socs_RV64IM_8SP,load_gap2_dep,2,16384,VALID,0,0.0,0,0
socs_RV64IM_8SP,load_gap3_dep,3,16384,VALID,0,0.0,0,0
socs_RV64IM_8SP,load_gap4_dep,4,16384,VALID,0,0.0,0,0
socs_RV64IM_8SP,xor_gap0_dep,0,16384,VALID,16384,1.0,0,16384
socs_RV64IM_8SP,xor_gap1_dep,1,16384,VALID,0,0.0,0,0
socs_RV64IM_8SP,xor_gap2_dep,2,16384,VALID,0,0.0,0,0
socs_RV64IM_8SP,xor_gap3_dep,3,16384,VALID,0,0.0,0,0
socs_RV64IM_8SP,xor_gap4_dep,4,16384,VALID,0,0.0,0,0
socs_RV64IM_8SP_withoutOpt,add_gap0_dep,0,16384,VALID,16384,1.0,0,16384
socs_RV64IM_8SP_withoutOpt,add_gap1_dep,1,16384,VALID,0,0.0,0,0
socs_RV64IM_8SP_withoutOpt,add_gap2_dep,2,16384,VALID,0,0.0,0,0
socs_RV64IM_8SP_withoutOpt,add_gap3_dep,3,16384,VALID,0,0.0,0,0
socs_RV64IM_8SP_withoutOpt,add_gap4_dep,4,16384,VALID,0,0.0,0,0
socs_RV64IM_8SP_withoutOpt,addw_gap0_dep,0,16384,VALID,16384,1.0,0,16384
socs_RV64IM_8SP_withoutOpt,addw_gap1_dep,1,16384,VALID,0,0.0,0,0
socs_RV64IM_8SP_withoutOpt,addw_gap2_dep,2,16384,VALID,0,0.0,0,0
socs_RV64IM_8SP_withoutOpt,addw_gap3_dep,3,16384,VALID,0,0.0,0,0
socs_RV64IM_8SP_withoutOpt,addw_gap4_dep,4,16384,VALID,0,0.0,0,0
socs_RV64IM_8SP_withoutOpt,load_gap0_dep,0,16384,VALID,32768,2.0,32768,0
socs_RV64IM_8SP_withoutOpt,load_gap1_dep,1,16384,VALID,16384,1.0,16384,0
socs_RV64IM_8SP_withoutOpt,load_gap2_dep,2,16384,VALID,0,0.0,0,0
socs_RV64IM_8SP_withoutOpt,load_gap3_dep,3,16384,VALID,0,0.0,0,0
socs_RV64IM_8SP_withoutOpt,load_gap4_dep,4,16384,VALID,0,0.0,0,0
socs_RV64IM_8SP_withoutOpt,xor_gap0_dep,0,16384,VALID,16384,1.0,0,16384
socs_RV64IM_8SP_withoutOpt,xor_gap1_dep,1,16384,VALID,0,0.0,0,0
socs_RV64IM_8SP_withoutOpt,xor_gap2_dep,2,16384,VALID,0,0.0,0,0
socs_RV64IM_8SP_withoutOpt,xor_gap3_dep,3,16384,VALID,0,0.0,0,0
socs_RV64IM_8SP_withoutOpt,xor_gap4_dep,4,16384,VALID,0,0.0,0,0
socs_RV64I_5SP,add_gap0_dep,0,16384,VALID,0,0.0,0,0
socs_RV64I_5SP,add_gap1_dep,1,16384,VALID,0,0.0,0,0
socs_RV64I_5SP,add_gap2_dep,2,16384,VALID,0,0.0,0,0
socs_RV64I_5SP,add_gap3_dep,3,16384,VALID,0,0.0,0,0
socs_RV64I_5SP,add_gap4_dep,4,16384,VALID,0,0.0,0,0
socs_RV64I_5SP,addw_gap0_dep,0,16384,VALID,0,0.0,0,0
socs_RV64I_5SP,addw_gap1_dep,1,16384,VALID,0,0.0,0,0
socs_RV64I_5SP,addw_gap2_dep,2,16384,VALID,0,0.0,0,0
socs_RV64I_5SP,addw_gap3_dep,3,16384,VALID,0,0.0,0,0
socs_RV64I_5SP,addw_gap4_dep,4,16384,VALID,0,0.0,0,0
socs_RV64I_5SP,load_gap0_dep,0,16384,VALID,0,0.0,0,0
socs_RV64I_5SP,load_gap1_dep,1,16384,VALID,0,0.0,0,0
socs_RV64I_5SP,load_gap2_dep,2,16384,VALID,0,0.0,0,0
socs_RV64I_5SP,load_gap3_dep,3,16384,VALID,0,0.0,0,0
socs_RV64I_5SP,load_gap4_dep,4,16384,VALID,0,0.0,0,0
socs_RV64I_5SP,xor_gap0_dep,0,16384,VALID,0,0.0,0,0
socs_RV64I_5SP,xor_gap1_dep,1,16384,VALID,0,0.0,0,0
socs_RV64I_5SP,xor_gap2_dep,2,16384,VALID,0,0.0,0,0
socs_RV64I_5SP,xor_gap3_dep,3,16384,VALID,0,0.0,0,0
socs_RV64I_5SP,xor_gap4_dep,4,16384,VALID,0,0.0,0,0
