variant,family,retired_identical,branches,pair_taken_delta,pair_mispred_delta,pair_penalty_cycles,taken_branch_cost,penalty_nt_to_t,penalty_t_to_nt,max_residual_cycles,max_residual_pct,allt_cycles,allt_mispred,allnt_cycles,allnt_mispred,alt_cycles,alt_mispred,blocked_cycles,blocked_mispred,t7nt1_cycles,t7nt1_mispred,nt7t1_cycles,nt7t1_mispred
RV32IM_5SP,"forward, gap 0",True,66560,0,28706,2.0,-0.0,2.0,2.0,0.0,0.0,67618,1,69662,1023,133220,32802,75808,4096,84004,8194,88092,10238
RV32IM_5SP,"forward, gap 4",True,66560,0,28706,2.0,-0.0,2.0,2.0,0.0,0.0,329762,1,331806,1023,395364,32802,337952,4096,346148,8194,350236,10238
RV32IM_5SP,"backward, gap 0",True,66560,0,28706,2.0,-0.0,2.0,2.0,0.0,0.0,67618,1,69662,1023,133220,32802,75808,4096,84004,8194,88092,10238
RV32IM_6SP,"forward, gap 0",True,66560,0,28706,3.0,-0.0,3.0,3.0,0.0,0.0,67619,1,70685,1023,166022,32802,79904,4096,92198,8194,98330,10238
RV32IM_6SP,"forward, gap 4",True,66560,0,28706,3.0,-0.0,3.0,3.0,0.0,0.0,329763,1,332829,1023,428166,32802,342048,4096,354342,8194,360474,10238
RV32IM_6SP,"backward, gap 0",True,66560,0,28706,3.0,-0.0,3.0,3.0,0.0,0.0,67619,1,70685,1023,166022,32802,79904,4096,92198,8194,98330,10238
RV32IM_7SP,"forward, gap 0",True,66560,0,28706,5.14,2.0,3.0,5.0,0.0,0.0,200739,1,72731,1023,299142,32802,151582,4096,225318,8194,118806,10238
RV32IM_7SP,"forward, gap 4",True,66560,0,28706,5.14,2.0,3.0,5.0,0.0,0.0,462883,1,334875,1023,561286,32802,413726,4096,487462,8194,380950,10238
RV32IM_7SP,"backward, gap 0",True,66560,0,28706,5.14,2.0,3.0,5.0,0.0,0.0,200739,1,72731,1023,299142,32802,151582,4096,225318,8194,118806,10238
RV32IM_7SP_BRAM,"forward, gap 0",True,66560,0,28706,5.14,2.0,3.0,5.0,0.0,0.0,200739,1,72731,1023,299142,32802,151582,4096,225318,8194,118806,10238
RV32IM_7SP_BRAM,"forward, gap 4",True,66560,0,28706,5.14,2.0,3.0,5.0,0.0,0.0,462883,1,334875,1023,561286,32802,413726,4096,487462,8194,380950,10238
RV32IM_7SP_BRAM,"backward, gap 0",True,66560,0,28706,5.14,2.0,3.0,5.0,0.0,0.0,200739,1,72731,1023,299142,32802,151582,4096,225318,8194,118806,10238
RV32IM_7SP_BRAM_Opt,"forward, gap 0",True,66560,0,28706,5.14,2.0,3.0,5.0,0.0,0.0,200739,1,72731,1023,299142,32802,151582,4096,225318,8194,118806,10238
RV32IM_7SP_BRAM_Opt,"forward, gap 4",True,66560,0,28706,5.14,2.0,3.0,5.0,0.0,0.0,462883,1,334875,1023,561286,32802,413726,4096,487462,8194,380950,10238
RV32IM_7SP_BRAM_Opt,"backward, gap 0",True,66560,0,28706,5.14,2.0,3.0,5.0,0.0,0.0,200739,1,72731,1023,299142,32802,151582,4096,225318,8194,118806,10238
RV32IM_8SP,"forward, gap 0",True,66560,0,28706,6.14,2.0,4.0,6.0,0.0,0.0,201764,1,74778,1023,332968,32802,156702,4096,234536,8194,130068,10238
RV32IM_8SP,"forward, gap 4",True,66560,0,28706,6.14,2.0,4.0,6.0,0.0,0.0,463908,1,336922,1023,595112,32802,418846,4096,496680,8194,392212,10238
RV32IM_8SP,"backward, gap 0",True,66560,0,28706,6.14,2.0,4.0,6.0,0.0,0.0,201764,1,74778,1023,332968,32802,156702,4096,234536,8194,130068,10238
RV32IM_8SP_withoutOpt,"forward, gap 0",True,66560,0,28706,6.14,2.0,4.0,6.0,0.0,0.0,201764,1,74778,1023,332968,32802,156702,4096,234536,8194,130068,10238
RV32IM_8SP_withoutOpt,"forward, gap 4",True,66560,0,28706,6.14,2.0,4.0,6.0,0.0,0.0,463908,1,336922,1023,595112,32802,418846,4096,496680,8194,392212,10238
RV32IM_8SP_withoutOpt,"backward, gap 0",True,66560,0,28706,6.14,2.0,4.0,6.0,0.0,0.0,201764,1,74778,1023,332968,32802,156702,4096,234536,8194,130068,10238
RV32I_5SP,"forward, gap 0",True,66560,0,28706,2.0,-0.0,2.0,2.0,0.0,0.0,67618,1,69662,1023,133220,32802,75808,4096,84004,8194,88092,10238
RV32I_5SP,"forward, gap 4",True,66560,0,28706,2.0,-0.0,2.0,2.0,0.0,0.0,329762,1,331806,1023,395364,32802,337952,4096,346148,8194,350236,10238
RV32I_5SP,"backward, gap 0",True,66560,0,28706,2.0,-0.0,2.0,2.0,0.0,0.0,67618,1,69662,1023,133220,32802,75808,4096,84004,8194,88092,10238
RV64IM_5SP,"forward, gap 0",True,66560,0,28706,2.0,-0.0,2.0,2.0,0.0,0.0,67618,1,69662,1023,133220,32802,75808,4096,84004,8194,88092,10238
RV64IM_5SP,"forward, gap 4",True,66560,0,28706,2.0,-0.0,2.0,2.0,0.0,0.0,329762,1,331806,1023,395364,32802,337952,4096,346148,8194,350236,10238
RV64IM_5SP,"backward, gap 0",True,66560,0,28706,2.0,-0.0,2.0,2.0,0.0,0.0,67618,1,69662,1023,133220,32802,75808,4096,84004,8194,88092,10238
RV64IM_6SP,"forward, gap 0",True,66560,0,28706,3.0,-0.0,3.0,3.0,0.0,0.0,67619,1,70685,1023,166022,32802,79904,4096,92198,8194,98330,10238
RV64IM_6SP,"forward, gap 4",True,66560,0,28706,3.0,-0.0,3.0,3.0,0.0,0.0,329763,1,332829,1023,428166,32802,342048,4096,354342,8194,360474,10238
RV64IM_6SP,"backward, gap 0",True,66560,0,28706,3.0,-0.0,3.0,3.0,0.0,0.0,67619,1,70685,1023,166022,32802,79904,4096,92198,8194,98330,10238
RV64IM_7SP,"forward, gap 0",True,66560,0,28706,5.14,2.0,3.0,5.0,0.0,0.0,200739,1,72731,1023,299142,32802,151582,4096,225318,8194,118806,10238
RV64IM_7SP,"forward, gap 4",True,66560,0,28706,5.14,2.0,3.0,5.0,0.0,0.0,462883,1,334875,1023,561286,32802,413726,4096,487462,8194,380950,10238
RV64IM_7SP,"backward, gap 0",True,66560,0,28706,5.14,2.0,3.0,5.0,0.0,0.0,200739,1,72731,1023,299142,32802,151582,4096,225318,8194,118806,10238
RV64IM_7SP_BRAM,"forward, gap 0",True,66560,0,28706,5.14,2.0,3.0,5.0,0.0,0.0,200739,1,72731,1023,299142,32802,151582,4096,225318,8194,118806,10238
RV64IM_7SP_BRAM,"forward, gap 4",True,66560,0,28706,5.14,2.0,3.0,5.0,0.0,0.0,462883,1,334875,1023,561286,32802,413726,4096,487462,8194,380950,10238
RV64IM_7SP_BRAM,"backward, gap 0",True,66560,0,28706,5.14,2.0,3.0,5.0,0.0,0.0,200739,1,72731,1023,299142,32802,151582,4096,225318,8194,118806,10238
RV64IM_7SP_BRAM_Opt,"forward, gap 0",True,66560,0,28706,5.14,2.0,3.0,5.0,0.0,0.0,200739,1,72731,1023,299142,32802,151582,4096,225318,8194,118806,10238
RV64IM_7SP_BRAM_Opt,"forward, gap 4",True,66560,0,28706,5.14,2.0,3.0,5.0,0.0,0.0,462883,1,334875,1023,561286,32802,413726,4096,487462,8194,380950,10238
RV64IM_7SP_BRAM_Opt,"backward, gap 0",True,66560,0,28706,5.14,2.0,3.0,5.0,0.0,0.0,200739,1,72731,1023,299142,32802,151582,4096,225318,8194,118806,10238
RV64IM_8SP,"forward, gap 0",True,66560,0,28706,6.14,2.0,4.0,6.0,0.0,0.0,201764,1,74778,1023,332968,32802,156702,4096,234536,8194,130068,10238
RV64IM_8SP,"forward, gap 4",True,66560,0,28706,6.14,2.0,4.0,6.0,0.0,0.0,463908,1,336922,1023,595112,32802,418846,4096,496680,8194,392212,10238
RV64IM_8SP,"backward, gap 0",True,66560,0,28706,6.14,2.0,4.0,6.0,0.0,0.0,201764,1,74778,1023,332968,32802,156702,4096,234536,8194,130068,10238
RV64IM_8SP_withoutOpt,"forward, gap 0",True,66560,0,28706,6.14,2.0,4.0,6.0,0.0,0.0,201764,1,74778,1023,332968,32802,156702,4096,234536,8194,130068,10238
RV64IM_8SP_withoutOpt,"forward, gap 4",True,66560,0,28706,6.14,2.0,4.0,6.0,0.0,0.0,463908,1,336922,1023,595112,32802,418846,4096,496680,8194,392212,10238
RV64IM_8SP_withoutOpt,"backward, gap 0",True,66560,0,28706,6.14,2.0,4.0,6.0,0.0,0.0,201764,1,74778,1023,332968,32802,156702,4096,234536,8194,130068,10238
RV64I_5SP,"forward, gap 0",True,66560,0,28706,2.0,-0.0,2.0,2.0,0.0,0.0,67618,1,69662,1023,133220,32802,75808,4096,84004,8194,88092,10238
RV64I_5SP,"forward, gap 4",True,66560,0,28706,2.0,-0.0,2.0,2.0,0.0,0.0,329762,1,331806,1023,395364,32802,337952,4096,346148,8194,350236,10238
RV64I_5SP,"backward, gap 0",True,66560,0,28706,2.0,-0.0,2.0,2.0,0.0,0.0,67618,1,69662,1023,133220,32802,75808,4096,84004,8194,88092,10238
