variant,program,pool,reference,status_vs_sail,words_differing_vs_5SP,verdict
RV32IM_5SP,rv32im_s001,rv32im,RV32IM_5SP,MISMATCH,0,reference
RV32IM_5SP,rv32im_s002,rv32im,RV32IM_5SP,MATCH,0,reference
RV32IM_5SP,rv32im_s003,rv32im,RV32IM_5SP,MATCH,0,reference
RV32IM_5SP,rv32im_s004,rv32im,RV32IM_5SP,MATCH,0,reference
RV32IM_5SP,rv32im_s005,rv32im,RV32IM_5SP,MISMATCH,0,reference
RV32IM_5SP,rv32im_s006,rv32im,RV32IM_5SP,MISMATCH,0,reference
RV32IM_5SP,rv32im_s007,rv32im,RV32IM_5SP,MATCH,0,reference
RV32IM_5SP,rv32im_s008,rv32im,RV32IM_5SP,MISMATCH,0,reference
RV32IM_5SP,rv32im_s009,rv32im,RV32IM_5SP,MISMATCH,0,reference
RV32IM_5SP,rv32im_s010,rv32im,RV32IM_5SP,MISMATCH,0,reference
RV32IM_5SP,rv32im_s011,rv32im,RV32IM_5SP,MISMATCH,0,reference
RV32IM_5SP,rv32im_s012,rv32im,RV32IM_5SP,MISMATCH,0,reference
RV32IM_5SP,rv32im_s013,rv32im,RV32IM_5SP,MISMATCH,0,reference
RV32IM_5SP,rv32im_s014,rv32im,RV32IM_5SP,MATCH,0,reference
RV32IM_5SP,rv32im_s015,rv32im,RV32IM_5SP,MATCH,0,reference
RV32IM_5SP,rv32im_s016,rv32im,RV32IM_5SP,MISMATCH,0,reference
RV32IM_5SP,rv32im_s017,rv32im,RV32IM_5SP,MISMATCH,0,reference
RV32IM_5SP,rv32im_s018,rv32im,RV32IM_5SP,MISMATCH,0,reference
RV32IM_5SP,rv32im_s019,rv32im,RV32IM_5SP,MATCH,0,reference
RV32IM_5SP,rv32im_s020,rv32im,RV32IM_5SP,MISMATCH,0,reference
RV32IM_6SP,rv32im_s001,rv32im,RV32IM_5SP,MISMATCH,0,IDENTICAL to 5SP
RV32IM_6SP,rv32im_s002,rv32im,RV32IM_5SP,MATCH,0,IDENTICAL to 5SP
RV32IM_6SP,rv32im_s003,rv32im,RV32IM_5SP,MATCH,0,IDENTICAL to 5SP
RV32IM_6SP,rv32im_s004,rv32im,RV32IM_5SP,MATCH,0,IDENTICAL to 5SP
RV32IM_6SP,rv32im_s005,rv32im,RV32IM_5SP,MISMATCH,0,IDENTICAL to 5SP
RV32IM_6SP,rv32im_s006,rv32im,RV32IM_5SP,MISMATCH,0,IDENTICAL to 5SP
RV32IM_6SP,rv32im_s007,rv32im,RV32IM_5SP,MATCH,0,IDENTICAL to 5SP
RV32IM_6SP,rv32im_s008,rv32im,RV32IM_5SP,MISMATCH,0,IDENTICAL to 5SP
RV32IM_6SP,rv32im_s009,rv32im,RV32IM_5SP,MISMATCH,0,IDENTICAL to 5SP
RV32IM_6SP,rv32im_s010,rv32im,RV32IM_5SP,MISMATCH,0,IDENTICAL to 5SP
RV32IM_6SP,rv32im_s011,rv32im,RV32IM_5SP,MISMATCH,0,IDENTICAL to 5SP
RV32IM_6SP,rv32im_s012,rv32im,RV32IM_5SP,MISMATCH,0,IDENTICAL to 5SP
RV32IM_6SP,rv32im_s013,rv32im,RV32IM_5SP,MISMATCH,0,IDENTICAL to 5SP
RV32IM_6SP,rv32im_s014,rv32im,RV32IM_5SP,MATCH,0,IDENTICAL to 5SP
RV32IM_6SP,rv32im_s015,rv32im,RV32IM_5SP,MATCH,0,IDENTICAL to 5SP
RV32IM_6SP,rv32im_s016,rv32im,RV32IM_5SP,MISMATCH,0,IDENTICAL to 5SP
RV32IM_6SP,rv32im_s017,rv32im,RV32IM_5SP,MISMATCH,0,IDENTICAL to 5SP
RV32IM_6SP,rv32im_s018,rv32im,RV32IM_5SP,MISMATCH,0,IDENTICAL to 5SP
RV32IM_6SP,rv32im_s019,rv32im,RV32IM_5SP,MATCH,0,IDENTICAL to 5SP
RV32IM_6SP,rv32im_s020,rv32im,RV32IM_5SP,MISMATCH,0,IDENTICAL to 5SP
RV32IM_7SP,rv32im_s001,rv32im,RV32IM_5SP,TIMEOUT,,TIMEOUT (not compared)
RV32IM_7SP,rv32im_s002,rv32im,RV32IM_5SP,MATCH,0,IDENTICAL to 5SP
RV32IM_7SP,rv32im_s003,rv32im,RV32IM_5SP,MATCH,0,IDENTICAL to 5SP
RV32IM_7SP,rv32im_s004,rv32im,RV32IM_5SP,TIMEOUT,,TIMEOUT (not compared)
RV32IM_7SP,rv32im_s005,rv32im,RV32IM_5SP,TIMEOUT,,TIMEOUT (not compared)
RV32IM_7SP,rv32im_s006,rv32im,RV32IM_5SP,TIMEOUT,,TIMEOUT (not compared)
RV32IM_7SP,rv32im_s007,rv32im,RV32IM_5SP,TIMEOUT,,TIMEOUT (not compared)
RV32IM_7SP,rv32im_s008,rv32im,RV32IM_5SP,TIMEOUT,,TIMEOUT (not compared)
RV32IM_7SP,rv32im_s009,rv32im,RV32IM_5SP,TIMEOUT,,TIMEOUT (not compared)
RV32IM_7SP,rv32im_s010,rv32im,RV32IM_5SP,TIMEOUT,,TIMEOUT (not compared)
RV32IM_7SP,rv32im_s011,rv32im,RV32IM_5SP,TIMEOUT,,TIMEOUT (not compared)
RV32IM_7SP,rv32im_s012,rv32im,RV32IM_5SP,MISMATCH,0,IDENTICAL to 5SP
RV32IM_7SP,rv32im_s013,rv32im,RV32IM_5SP,TIMEOUT,,TIMEOUT (not compared)
RV32IM_7SP,rv32im_s014,rv32im,RV32IM_5SP,TIMEOUT,,TIMEOUT (not compared)
RV32IM_7SP,rv32im_s015,rv32im,RV32IM_5SP,TIMEOUT,,TIMEOUT (not compared)
RV32IM_7SP,rv32im_s016,rv32im,RV32IM_5SP,TIMEOUT,,TIMEOUT (not compared)
RV32IM_7SP,rv32im_s017,rv32im,RV32IM_5SP,TIMEOUT,,TIMEOUT (not compared)
RV32IM_7SP,rv32im_s018,rv32im,RV32IM_5SP,TIMEOUT,,TIMEOUT (not compared)
RV32IM_7SP,rv32im_s019,rv32im,RV32IM_5SP,MATCH,0,IDENTICAL to 5SP
RV32IM_7SP,rv32im_s020,rv32im,RV32IM_5SP,MISMATCH,0,IDENTICAL to 5SP
RV32IM_7SP_BRAM,rv32im_s001,rv32im,RV32IM_5SP,TIMEOUT,,TIMEOUT (not compared)
RV32IM_7SP_BRAM,rv32im_s002,rv32im,RV32IM_5SP,MATCH,0,IDENTICAL to 5SP
RV32IM_7SP_BRAM,rv32im_s003,rv32im,RV32IM_5SP,MATCH,0,IDENTICAL to 5SP
RV32IM_7SP_BRAM,rv32im_s004,rv32im,RV32IM_5SP,TIMEOUT,,TIMEOUT (not compared)
RV32IM_7SP_BRAM,rv32im_s005,rv32im,RV32IM_5SP,TIMEOUT,,TIMEOUT (not compared)
RV32IM_7SP_BRAM,rv32im_s006,rv32im,RV32IM_5SP,TIMEOUT,,TIMEOUT (not compared)
RV32IM_7SP_BRAM,rv32im_s007,rv32im,RV32IM_5SP,TIMEOUT,,TIMEOUT (not compared)
RV32IM_7SP_BRAM,rv32im_s008,rv32im,RV32IM_5SP,TIMEOUT,,TIMEOUT (not compared)
RV32IM_7SP_BRAM,rv32im_s009,rv32im,RV32IM_5SP,TIMEOUT,,TIMEOUT (not compared)
RV32IM_7SP_BRAM,rv32im_s010,rv32im,RV32IM_5SP,TIMEOUT,,TIMEOUT (not compared)
RV32IM_7SP_BRAM,rv32im_s011,rv32im,RV32IM_5SP,TIMEOUT,,TIMEOUT (not compared)
RV32IM_7SP_BRAM,rv32im_s012,rv32im,RV32IM_5SP,MISMATCH,0,IDENTICAL to 5SP
RV32IM_7SP_BRAM,rv32im_s013,rv32im,RV32IM_5SP,TIMEOUT,,TIMEOUT (not compared)
RV32IM_7SP_BRAM,rv32im_s014,rv32im,RV32IM_5SP,TIMEOUT,,TIMEOUT (not compared)
RV32IM_7SP_BRAM,rv32im_s015,rv32im,RV32IM_5SP,TIMEOUT,,TIMEOUT (not compared)
RV32IM_7SP_BRAM,rv32im_s016,rv32im,RV32IM_5SP,TIMEOUT,,TIMEOUT (not compared)
RV32IM_7SP_BRAM,rv32im_s017,rv32im,RV32IM_5SP,TIMEOUT,,TIMEOUT (not compared)
RV32IM_7SP_BRAM,rv32im_s018,rv32im,RV32IM_5SP,TIMEOUT,,TIMEOUT (not compared)
RV32IM_7SP_BRAM,rv32im_s019,rv32im,RV32IM_5SP,TIMEOUT,,TIMEOUT (not compared)
RV32IM_7SP_BRAM,rv32im_s020,rv32im,RV32IM_5SP,MISMATCH,0,IDENTICAL to 5SP
RV32IM_7SP_BRAM_Opt,rv32im_s001,rv32im,RV32IM_5SP,TIMEOUT,,TIMEOUT (not compared)
RV32IM_7SP_BRAM_Opt,rv32im_s002,rv32im,RV32IM_5SP,MATCH,0,IDENTICAL to 5SP
RV32IM_7SP_BRAM_Opt,rv32im_s003,rv32im,RV32IM_5SP,MATCH,0,IDENTICAL to 5SP
RV32IM_7SP_BRAM_Opt,rv32im_s004,rv32im,RV32IM_5SP,TIMEOUT,,TIMEOUT (not compared)
RV32IM_7SP_BRAM_Opt,rv32im_s005,rv32im,RV32IM_5SP,TIMEOUT,,TIMEOUT (not compared)
RV32IM_7SP_BRAM_Opt,rv32im_s006,rv32im,RV32IM_5SP,TIMEOUT,,TIMEOUT (not compared)
RV32IM_7SP_BRAM_Opt,rv32im_s007,rv32im,RV32IM_5SP,TIMEOUT,,TIMEOUT (not compared)
RV32IM_7SP_BRAM_Opt,rv32im_s008,rv32im,RV32IM_5SP,TIMEOUT,,TIMEOUT (not compared)
RV32IM_7SP_BRAM_Opt,rv32im_s009,rv32im,RV32IM_5SP,TIMEOUT,,TIMEOUT (not compared)
RV32IM_7SP_BRAM_Opt,rv32im_s010,rv32im,RV32IM_5SP,TIMEOUT,,TIMEOUT (not compared)
RV32IM_7SP_BRAM_Opt,rv32im_s011,rv32im,RV32IM_5SP,TIMEOUT,,TIMEOUT (not compared)
RV32IM_7SP_BRAM_Opt,rv32im_s012,rv32im,RV32IM_5SP,MISMATCH,0,IDENTICAL to 5SP
RV32IM_7SP_BRAM_Opt,rv32im_s013,rv32im,RV32IM_5SP,TIMEOUT,,TIMEOUT (not compared)
RV32IM_7SP_BRAM_Opt,rv32im_s014,rv32im,RV32IM_5SP,TIMEOUT,,TIMEOUT (not compared)
RV32IM_7SP_BRAM_Opt,rv32im_s015,rv32im,RV32IM_5SP,TIMEOUT,,TIMEOUT (not compared)
RV32IM_7SP_BRAM_Opt,rv32im_s016,rv32im,RV32IM_5SP,TIMEOUT,,TIMEOUT (not compared)
RV32IM_7SP_BRAM_Opt,rv32im_s017,rv32im,RV32IM_5SP,TIMEOUT,,TIMEOUT (not compared)
RV32IM_7SP_BRAM_Opt,rv32im_s018,rv32im,RV32IM_5SP,TIMEOUT,,TIMEOUT (not compared)
RV32IM_7SP_BRAM_Opt,rv32im_s019,rv32im,RV32IM_5SP,TIMEOUT,,TIMEOUT (not compared)
RV32IM_7SP_BRAM_Opt,rv32im_s020,rv32im,RV32IM_5SP,MISMATCH,0,IDENTICAL to 5SP
RV32IM_8SP,rv32im_s001,rv32im,RV32IM_5SP,TIMEOUT,,TIMEOUT (not compared)
RV32IM_8SP,rv32im_s002,rv32im,RV32IM_5SP,MATCH,0,IDENTICAL to 5SP
RV32IM_8SP,rv32im_s003,rv32im,RV32IM_5SP,MATCH,0,IDENTICAL to 5SP
RV32IM_8SP,rv32im_s004,rv32im,RV32IM_5SP,TIMEOUT,,TIMEOUT (not compared)
RV32IM_8SP,rv32im_s005,rv32im,RV32IM_5SP,TIMEOUT,,TIMEOUT (not compared)
RV32IM_8SP,rv32im_s006,rv32im,RV32IM_5SP,TIMEOUT,,TIMEOUT (not compared)
RV32IM_8SP,rv32im_s007,rv32im,RV32IM_5SP,TIMEOUT,,TIMEOUT (not compared)
RV32IM_8SP,rv32im_s008,rv32im,RV32IM_5SP,TIMEOUT,,TIMEOUT (not compared)
RV32IM_8SP,rv32im_s009,rv32im,RV32IM_5SP,TIMEOUT,,TIMEOUT (not compared)
RV32IM_8SP,rv32im_s010,rv32im,RV32IM_5SP,TIMEOUT,,TIMEOUT (not compared)
RV32IM_8SP,rv32im_s011,rv32im,RV32IM_5SP,TIMEOUT,,TIMEOUT (not compared)
RV32IM_8SP,rv32im_s012,rv32im,RV32IM_5SP,MISMATCH,0,IDENTICAL to 5SP
RV32IM_8SP,rv32im_s013,rv32im,RV32IM_5SP,TIMEOUT,,TIMEOUT (not compared)
RV32IM_8SP,rv32im_s014,rv32im,RV32IM_5SP,TIMEOUT,,TIMEOUT (not compared)
RV32IM_8SP,rv32im_s015,rv32im,RV32IM_5SP,TIMEOUT,,TIMEOUT (not compared)
RV32IM_8SP,rv32im_s016,rv32im,RV32IM_5SP,TIMEOUT,,TIMEOUT (not compared)
RV32IM_8SP,rv32im_s017,rv32im,RV32IM_5SP,TIMEOUT,,TIMEOUT (not compared)
RV32IM_8SP,rv32im_s018,rv32im,RV32IM_5SP,TIMEOUT,,TIMEOUT (not compared)
RV32IM_8SP,rv32im_s019,rv32im,RV32IM_5SP,TIMEOUT,,TIMEOUT (not compared)
RV32IM_8SP,rv32im_s020,rv32im,RV32IM_5SP,MISMATCH,0,IDENTICAL to 5SP
RV32IM_8SP_withoutOpt,rv32im_s001,rv32im,RV32IM_5SP,TIMEOUT,,TIMEOUT (not compared)
RV32IM_8SP_withoutOpt,rv32im_s002,rv32im,RV32IM_5SP,MATCH,0,IDENTICAL to 5SP
RV32IM_8SP_withoutOpt,rv32im_s003,rv32im,RV32IM_5SP,MATCH,0,IDENTICAL to 5SP
RV32IM_8SP_withoutOpt,rv32im_s004,rv32im,RV32IM_5SP,TIMEOUT,,TIMEOUT (not compared)
RV32IM_8SP_withoutOpt,rv32im_s005,rv32im,RV32IM_5SP,TIMEOUT,,TIMEOUT (not compared)
RV32IM_8SP_withoutOpt,rv32im_s006,rv32im,RV32IM_5SP,TIMEOUT,,TIMEOUT (not compared)
RV32IM_8SP_withoutOpt,rv32im_s007,rv32im,RV32IM_5SP,TIMEOUT,,TIMEOUT (not compared)
RV32IM_8SP_withoutOpt,rv32im_s008,rv32im,RV32IM_5SP,TIMEOUT,,TIMEOUT (not compared)
RV32IM_8SP_withoutOpt,rv32im_s009,rv32im,RV32IM_5SP,TIMEOUT,,TIMEOUT (not compared)
RV32IM_8SP_withoutOpt,rv32im_s010,rv32im,RV32IM_5SP,TIMEOUT,,TIMEOUT (not compared)
RV32IM_8SP_withoutOpt,rv32im_s011,rv32im,RV32IM_5SP,TIMEOUT,,TIMEOUT (not compared)
RV32IM_8SP_withoutOpt,rv32im_s012,rv32im,RV32IM_5SP,MISMATCH,0,IDENTICAL to 5SP
RV32IM_8SP_withoutOpt,rv32im_s013,rv32im,RV32IM_5SP,TIMEOUT,,TIMEOUT (not compared)
RV32IM_8SP_withoutOpt,rv32im_s014,rv32im,RV32IM_5SP,TIMEOUT,,TIMEOUT (not compared)
RV32IM_8SP_withoutOpt,rv32im_s015,rv32im,RV32IM_5SP,TIMEOUT,,TIMEOUT (not compared)
RV32IM_8SP_withoutOpt,rv32im_s016,rv32im,RV32IM_5SP,TIMEOUT,,TIMEOUT (not compared)
RV32IM_8SP_withoutOpt,rv32im_s017,rv32im,RV32IM_5SP,TIMEOUT,,TIMEOUT (not compared)
RV32IM_8SP_withoutOpt,rv32im_s018,rv32im,RV32IM_5SP,TIMEOUT,,TIMEOUT (not compared)
RV32IM_8SP_withoutOpt,rv32im_s019,rv32im,RV32IM_5SP,TIMEOUT,,TIMEOUT (not compared)
RV32IM_8SP_withoutOpt,rv32im_s020,rv32im,RV32IM_5SP,MISMATCH,0,IDENTICAL to 5SP
RV32I_5SP,rv32i_s001,rv32i,RV32I_5SP,MISMATCH,0,reference
RV32I_5SP,rv32i_s002,rv32i,RV32I_5SP,MATCH,0,reference
RV32I_5SP,rv32i_s003,rv32i,RV32I_5SP,MISMATCH,0,reference
RV32I_5SP,rv32i_s004,rv32i,RV32I_5SP,MISMATCH,0,reference
RV32I_5SP,rv32i_s005,rv32i,RV32I_5SP,MISMATCH,0,reference
RV32I_5SP,rv32i_s006,rv32i,RV32I_5SP,MISMATCH,0,reference
RV32I_5SP,rv32i_s007,rv32i,RV32I_5SP,MISMATCH,0,reference
RV32I_5SP,rv32i_s008,rv32i,RV32I_5SP,MATCH,0,reference
RV32I_5SP,rv32i_s009,rv32i,RV32I_5SP,MISMATCH,0,reference
RV32I_5SP,rv32i_s010,rv32i,RV32I_5SP,MISMATCH,0,reference
RV32I_5SP,rv32i_s011,rv32i,RV32I_5SP,MATCH,0,reference
RV32I_5SP,rv32i_s012,rv32i,RV32I_5SP,MISMATCH,0,reference
RV32I_5SP,rv32i_s013,rv32i,RV32I_5SP,MISMATCH,0,reference
RV32I_5SP,rv32i_s014,rv32i,RV32I_5SP,MATCH,0,reference
RV32I_5SP,rv32i_s015,rv32i,RV32I_5SP,MISMATCH,0,reference
RV32I_5SP,rv32i_s016,rv32i,RV32I_5SP,MATCH,0,reference
RV32I_5SP,rv32i_s017,rv32i,RV32I_5SP,MISMATCH,0,reference
RV32I_5SP,rv32i_s018,rv32i,RV32I_5SP,MATCH,0,reference
RV32I_5SP,rv32i_s019,rv32i,RV32I_5SP,MATCH,0,reference
RV32I_5SP,rv32i_s020,rv32i,RV32I_5SP,MISMATCH,0,reference
RV64IM_5SP,rv64im_s001,rv64im,RV64IM_5SP,MATCH,0,reference
RV64IM_5SP,rv64im_s002,rv64im,RV64IM_5SP,MATCH,0,reference
RV64IM_5SP,rv64im_s003,rv64im,RV64IM_5SP,MATCH,0,reference
RV64IM_5SP,rv64im_s004,rv64im,RV64IM_5SP,MATCH,0,reference
RV64IM_5SP,rv64im_s005,rv64im,RV64IM_5SP,MATCH,0,reference
RV64IM_5SP,rv64im_s006,rv64im,RV64IM_5SP,MATCH,0,reference
RV64IM_5SP,rv64im_s007,rv64im,RV64IM_5SP,MATCH,0,reference
RV64IM_5SP,rv64im_s008,rv64im,RV64IM_5SP,MATCH,0,reference
RV64IM_5SP,rv64im_s009,rv64im,RV64IM_5SP,MATCH,0,reference
RV64IM_5SP,rv64im_s010,rv64im,RV64IM_5SP,MATCH,0,reference
RV64IM_5SP,rv64im_s011,rv64im,RV64IM_5SP,MATCH,0,reference
RV64IM_5SP,rv64im_s012,rv64im,RV64IM_5SP,MATCH,0,reference
RV64IM_5SP,rv64im_s013,rv64im,RV64IM_5SP,MATCH,0,reference
RV64IM_5SP,rv64im_s014,rv64im,RV64IM_5SP,MISMATCH,0,reference
RV64IM_5SP,rv64im_s015,rv64im,RV64IM_5SP,MATCH,0,reference
RV64IM_5SP,rv64im_s016,rv64im,RV64IM_5SP,MATCH,0,reference
RV64IM_5SP,rv64im_s017,rv64im,RV64IM_5SP,MATCH,0,reference
RV64IM_5SP,rv64im_s018,rv64im,RV64IM_5SP,MATCH,0,reference
RV64IM_5SP,rv64im_s019,rv64im,RV64IM_5SP,MATCH,0,reference
RV64IM_5SP,rv64im_s020,rv64im,RV64IM_5SP,MATCH,0,reference
RV64IM_6SP,rv64im_s001,rv64im,RV64IM_5SP,MATCH,0,IDENTICAL to 5SP
RV64IM_6SP,rv64im_s002,rv64im,RV64IM_5SP,MATCH,0,IDENTICAL to 5SP
RV64IM_6SP,rv64im_s003,rv64im,RV64IM_5SP,MATCH,0,IDENTICAL to 5SP
RV64IM_6SP,rv64im_s004,rv64im,RV64IM_5SP,MATCH,0,IDENTICAL to 5SP
RV64IM_6SP,rv64im_s005,rv64im,RV64IM_5SP,MATCH,0,IDENTICAL to 5SP
RV64IM_6SP,rv64im_s006,rv64im,RV64IM_5SP,MATCH,0,IDENTICAL to 5SP
RV64IM_6SP,rv64im_s007,rv64im,RV64IM_5SP,MATCH,0,IDENTICAL to 5SP
RV64IM_6SP,rv64im_s008,rv64im,RV64IM_5SP,MATCH,0,IDENTICAL to 5SP
RV64IM_6SP,rv64im_s009,rv64im,RV64IM_5SP,MATCH,0,IDENTICAL to 5SP
RV64IM_6SP,rv64im_s010,rv64im,RV64IM_5SP,MATCH,0,IDENTICAL to 5SP
RV64IM_6SP,rv64im_s011,rv64im,RV64IM_5SP,MATCH,0,IDENTICAL to 5SP
RV64IM_6SP,rv64im_s012,rv64im,RV64IM_5SP,MATCH,0,IDENTICAL to 5SP
RV64IM_6SP,rv64im_s013,rv64im,RV64IM_5SP,MATCH,0,IDENTICAL to 5SP
RV64IM_6SP,rv64im_s014,rv64im,RV64IM_5SP,MISMATCH,0,IDENTICAL to 5SP
RV64IM_6SP,rv64im_s015,rv64im,RV64IM_5SP,MATCH,0,IDENTICAL to 5SP
RV64IM_6SP,rv64im_s016,rv64im,RV64IM_5SP,MATCH,0,IDENTICAL to 5SP
RV64IM_6SP,rv64im_s017,rv64im,RV64IM_5SP,MATCH,0,IDENTICAL to 5SP
RV64IM_6SP,rv64im_s018,rv64im,RV64IM_5SP,MATCH,0,IDENTICAL to 5SP
RV64IM_6SP,rv64im_s019,rv64im,RV64IM_5SP,MATCH,0,IDENTICAL to 5SP
RV64IM_6SP,rv64im_s020,rv64im,RV64IM_5SP,MATCH,0,IDENTICAL to 5SP
RV64IM_7SP,rv64im_s001,rv64im,RV64IM_5SP,TIMEOUT,,TIMEOUT (not compared)
RV64IM_7SP,rv64im_s002,rv64im,RV64IM_5SP,TIMEOUT,,TIMEOUT (not compared)
RV64IM_7SP,rv64im_s003,rv64im,RV64IM_5SP,MATCH,0,IDENTICAL to 5SP
RV64IM_7SP,rv64im_s004,rv64im,RV64IM_5SP,MATCH,0,IDENTICAL to 5SP
RV64IM_7SP,rv64im_s005,rv64im,RV64IM_5SP,TIMEOUT,,TIMEOUT (not compared)
RV64IM_7SP,rv64im_s006,rv64im,RV64IM_5SP,MATCH,0,IDENTICAL to 5SP
RV64IM_7SP,rv64im_s007,rv64im,RV64IM_5SP,TIMEOUT,,TIMEOUT (not compared)
RV64IM_7SP,rv64im_s008,rv64im,RV64IM_5SP,MATCH,0,IDENTICAL to 5SP
RV64IM_7SP,rv64im_s009,rv64im,RV64IM_5SP,MATCH,0,IDENTICAL to 5SP
RV64IM_7SP,rv64im_s010,rv64im,RV64IM_5SP,TIMEOUT,,TIMEOUT (not compared)
RV64IM_7SP,rv64im_s011,rv64im,RV64IM_5SP,MATCH,0,IDENTICAL to 5SP
RV64IM_7SP,rv64im_s012,rv64im,RV64IM_5SP,TIMEOUT,,TIMEOUT (not compared)
RV64IM_7SP,rv64im_s013,rv64im,RV64IM_5SP,MATCH,0,IDENTICAL to 5SP
RV64IM_7SP,rv64im_s014,rv64im,RV64IM_5SP,TIMEOUT,,TIMEOUT (not compared)
RV64IM_7SP,rv64im_s015,rv64im,RV64IM_5SP,MATCH,0,IDENTICAL to 5SP
RV64IM_7SP,rv64im_s016,rv64im,RV64IM_5SP,TIMEOUT,,TIMEOUT (not compared)
RV64IM_7SP,rv64im_s017,rv64im,RV64IM_5SP,TIMEOUT,,TIMEOUT (not compared)
RV64IM_7SP,rv64im_s018,rv64im,RV64IM_5SP,MATCH,0,IDENTICAL to 5SP
RV64IM_7SP,rv64im_s019,rv64im,RV64IM_5SP,MATCH,0,IDENTICAL to 5SP
RV64IM_7SP,rv64im_s020,rv64im,RV64IM_5SP,TIMEOUT,,TIMEOUT (not compared)
RV64IM_7SP_BRAM,rv64im_s001,rv64im,RV64IM_5SP,TIMEOUT,,TIMEOUT (not compared)
RV64IM_7SP_BRAM,rv64im_s002,rv64im,RV64IM_5SP,TIMEOUT,,TIMEOUT (not compared)
RV64IM_7SP_BRAM,rv64im_s003,rv64im,RV64IM_5SP,MATCH,0,IDENTICAL to 5SP
RV64IM_7SP_BRAM,rv64im_s004,rv64im,RV64IM_5SP,MATCH,0,IDENTICAL to 5SP
RV64IM_7SP_BRAM,rv64im_s005,rv64im,RV64IM_5SP,TIMEOUT,,TIMEOUT (not compared)
RV64IM_7SP_BRAM,rv64im_s006,rv64im,RV64IM_5SP,MATCH,0,IDENTICAL to 5SP
RV64IM_7SP_BRAM,rv64im_s007,rv64im,RV64IM_5SP,TIMEOUT,,TIMEOUT (not compared)
RV64IM_7SP_BRAM,rv64im_s008,rv64im,RV64IM_5SP,MATCH,0,IDENTICAL to 5SP
RV64IM_7SP_BRAM,rv64im_s009,rv64im,RV64IM_5SP,MATCH,0,IDENTICAL to 5SP
RV64IM_7SP_BRAM,rv64im_s010,rv64im,RV64IM_5SP,TIMEOUT,,TIMEOUT (not compared)
RV64IM_7SP_BRAM,rv64im_s011,rv64im,RV64IM_5SP,MATCH,0,IDENTICAL to 5SP
RV64IM_7SP_BRAM,rv64im_s012,rv64im,RV64IM_5SP,TIMEOUT,,TIMEOUT (not compared)
RV64IM_7SP_BRAM,rv64im_s013,rv64im,RV64IM_5SP,MATCH,0,IDENTICAL to 5SP
RV64IM_7SP_BRAM,rv64im_s014,rv64im,RV64IM_5SP,TIMEOUT,,TIMEOUT (not compared)
RV64IM_7SP_BRAM,rv64im_s015,rv64im,RV64IM_5SP,MATCH,0,IDENTICAL to 5SP
RV64IM_7SP_BRAM,rv64im_s016,rv64im,RV64IM_5SP,TIMEOUT,,TIMEOUT (not compared)
RV64IM_7SP_BRAM,rv64im_s017,rv64im,RV64IM_5SP,TIMEOUT,,TIMEOUT (not compared)
RV64IM_7SP_BRAM,rv64im_s018,rv64im,RV64IM_5SP,MATCH,0,IDENTICAL to 5SP
RV64IM_7SP_BRAM,rv64im_s019,rv64im,RV64IM_5SP,MATCH,0,IDENTICAL to 5SP
RV64IM_7SP_BRAM,rv64im_s020,rv64im,RV64IM_5SP,TIMEOUT,,TIMEOUT (not compared)
RV64IM_7SP_BRAM_Opt,rv64im_s001,rv64im,RV64IM_5SP,TIMEOUT,,TIMEOUT (not compared)
RV64IM_7SP_BRAM_Opt,rv64im_s002,rv64im,RV64IM_5SP,TIMEOUT,,TIMEOUT (not compared)
RV64IM_7SP_BRAM_Opt,rv64im_s003,rv64im,RV64IM_5SP,MATCH,0,IDENTICAL to 5SP
RV64IM_7SP_BRAM_Opt,rv64im_s004,rv64im,RV64IM_5SP,MATCH,0,IDENTICAL to 5SP
RV64IM_7SP_BRAM_Opt,rv64im_s005,rv64im,RV64IM_5SP,TIMEOUT,,TIMEOUT (not compared)
RV64IM_7SP_BRAM_Opt,rv64im_s006,rv64im,RV64IM_5SP,MATCH,0,IDENTICAL to 5SP
RV64IM_7SP_BRAM_Opt,rv64im_s007,rv64im,RV64IM_5SP,TIMEOUT,,TIMEOUT (not compared)
RV64IM_7SP_BRAM_Opt,rv64im_s008,rv64im,RV64IM_5SP,MATCH,0,IDENTICAL to 5SP
RV64IM_7SP_BRAM_Opt,rv64im_s009,rv64im,RV64IM_5SP,MATCH,0,IDENTICAL to 5SP
RV64IM_7SP_BRAM_Opt,rv64im_s010,rv64im,RV64IM_5SP,TIMEOUT,,TIMEOUT (not compared)
RV64IM_7SP_BRAM_Opt,rv64im_s011,rv64im,RV64IM_5SP,MATCH,0,IDENTICAL to 5SP
RV64IM_7SP_BRAM_Opt,rv64im_s012,rv64im,RV64IM_5SP,TIMEOUT,,TIMEOUT (not compared)
RV64IM_7SP_BRAM_Opt,rv64im_s013,rv64im,RV64IM_5SP,MATCH,0,IDENTICAL to 5SP
RV64IM_7SP_BRAM_Opt,rv64im_s014,rv64im,RV64IM_5SP,TIMEOUT,,TIMEOUT (not compared)
RV64IM_7SP_BRAM_Opt,rv64im_s015,rv64im,RV64IM_5SP,MATCH,0,IDENTICAL to 5SP
RV64IM_7SP_BRAM_Opt,rv64im_s016,rv64im,RV64IM_5SP,TIMEOUT,,TIMEOUT (not compared)
RV64IM_7SP_BRAM_Opt,rv64im_s017,rv64im,RV64IM_5SP,TIMEOUT,,TIMEOUT (not compared)
RV64IM_7SP_BRAM_Opt,rv64im_s018,rv64im,RV64IM_5SP,MATCH,0,IDENTICAL to 5SP
RV64IM_7SP_BRAM_Opt,rv64im_s019,rv64im,RV64IM_5SP,MATCH,0,IDENTICAL to 5SP
RV64IM_7SP_BRAM_Opt,rv64im_s020,rv64im,RV64IM_5SP,TIMEOUT,,TIMEOUT (not compared)
RV64IM_8SP,rv64im_s001,rv64im,RV64IM_5SP,TIMEOUT,,TIMEOUT (not compared)
RV64IM_8SP,rv64im_s002,rv64im,RV64IM_5SP,MATCH,0,IDENTICAL to 5SP
RV64IM_8SP,rv64im_s003,rv64im,RV64IM_5SP,MATCH,0,IDENTICAL to 5SP
RV64IM_8SP,rv64im_s004,rv64im,RV64IM_5SP,MATCH,0,IDENTICAL to 5SP
RV64IM_8SP,rv64im_s005,rv64im,RV64IM_5SP,TIMEOUT,,TIMEOUT (not compared)
RV64IM_8SP,rv64im_s006,rv64im,RV64IM_5SP,MATCH,0,IDENTICAL to 5SP
RV64IM_8SP,rv64im_s007,rv64im,RV64IM_5SP,TIMEOUT,,TIMEOUT (not compared)
RV64IM_8SP,rv64im_s008,rv64im,RV64IM_5SP,MATCH,0,IDENTICAL to 5SP
RV64IM_8SP,rv64im_s009,rv64im,RV64IM_5SP,MATCH,0,IDENTICAL to 5SP
RV64IM_8SP,rv64im_s010,rv64im,RV64IM_5SP,TIMEOUT,,TIMEOUT (not compared)
RV64IM_8SP,rv64im_s011,rv64im,RV64IM_5SP,MATCH,0,IDENTICAL to 5SP
RV64IM_8SP,rv64im_s012,rv64im,RV64IM_5SP,TIMEOUT,,TIMEOUT (not compared)
RV64IM_8SP,rv64im_s013,rv64im,RV64IM_5SP,MATCH,0,IDENTICAL to 5SP
RV64IM_8SP,rv64im_s014,rv64im,RV64IM_5SP,TIMEOUT,,TIMEOUT (not compared)
RV64IM_8SP,rv64im_s015,rv64im,RV64IM_5SP,MATCH,0,IDENTICAL to 5SP
RV64IM_8SP,rv64im_s016,rv64im,RV64IM_5SP,TIMEOUT,,TIMEOUT (not compared)
RV64IM_8SP,rv64im_s017,rv64im,RV64IM_5SP,TIMEOUT,,TIMEOUT (not compared)
RV64IM_8SP,rv64im_s018,rv64im,RV64IM_5SP,MATCH,0,IDENTICAL to 5SP
RV64IM_8SP,rv64im_s019,rv64im,RV64IM_5SP,MATCH,0,IDENTICAL to 5SP
RV64IM_8SP,rv64im_s020,rv64im,RV64IM_5SP,TIMEOUT,,TIMEOUT (not compared)
RV64IM_8SP_withoutOpt,rv64im_s001,rv64im,RV64IM_5SP,TIMEOUT,,TIMEOUT (not compared)
RV64IM_8SP_withoutOpt,rv64im_s002,rv64im,RV64IM_5SP,MATCH,0,IDENTICAL to 5SP
RV64IM_8SP_withoutOpt,rv64im_s003,rv64im,RV64IM_5SP,MATCH,0,IDENTICAL to 5SP
RV64IM_8SP_withoutOpt,rv64im_s004,rv64im,RV64IM_5SP,MATCH,0,IDENTICAL to 5SP
RV64IM_8SP_withoutOpt,rv64im_s005,rv64im,RV64IM_5SP,TIMEOUT,,TIMEOUT (not compared)
RV64IM_8SP_withoutOpt,rv64im_s006,rv64im,RV64IM_5SP,MATCH,0,IDENTICAL to 5SP
RV64IM_8SP_withoutOpt,rv64im_s007,rv64im,RV64IM_5SP,TIMEOUT,,TIMEOUT (not compared)
RV64IM_8SP_withoutOpt,rv64im_s008,rv64im,RV64IM_5SP,MATCH,0,IDENTICAL to 5SP
RV64IM_8SP_withoutOpt,rv64im_s009,rv64im,RV64IM_5SP,MATCH,0,IDENTICAL to 5SP
RV64IM_8SP_withoutOpt,rv64im_s010,rv64im,RV64IM_5SP,TIMEOUT,,TIMEOUT (not compared)
RV64IM_8SP_withoutOpt,rv64im_s011,rv64im,RV64IM_5SP,MATCH,0,IDENTICAL to 5SP
RV64IM_8SP_withoutOpt,rv64im_s012,rv64im,RV64IM_5SP,TIMEOUT,,TIMEOUT (not compared)
RV64IM_8SP_withoutOpt,rv64im_s013,rv64im,RV64IM_5SP,MATCH,0,IDENTICAL to 5SP
RV64IM_8SP_withoutOpt,rv64im_s014,rv64im,RV64IM_5SP,TIMEOUT,,TIMEOUT (not compared)
RV64IM_8SP_withoutOpt,rv64im_s015,rv64im,RV64IM_5SP,MATCH,0,IDENTICAL to 5SP
RV64IM_8SP_withoutOpt,rv64im_s016,rv64im,RV64IM_5SP,TIMEOUT,,TIMEOUT (not compared)
RV64IM_8SP_withoutOpt,rv64im_s017,rv64im,RV64IM_5SP,TIMEOUT,,TIMEOUT (not compared)
RV64IM_8SP_withoutOpt,rv64im_s018,rv64im,RV64IM_5SP,MATCH,0,IDENTICAL to 5SP
RV64IM_8SP_withoutOpt,rv64im_s019,rv64im,RV64IM_5SP,MATCH,0,IDENTICAL to 5SP
RV64IM_8SP_withoutOpt,rv64im_s020,rv64im,RV64IM_5SP,TIMEOUT,,TIMEOUT (not compared)
RV64I_5SP,rv64i_s001,rv64i,RV64I_5SP,MATCH,0,reference
RV64I_5SP,rv64i_s002,rv64i,RV64I_5SP,MATCH,0,reference
RV64I_5SP,rv64i_s003,rv64i,RV64I_5SP,MATCH,0,reference
RV64I_5SP,rv64i_s004,rv64i,RV64I_5SP,MISMATCH,0,reference
RV64I_5SP,rv64i_s005,rv64i,RV64I_5SP,MISMATCH,0,reference
RV64I_5SP,rv64i_s006,rv64i,RV64I_5SP,MATCH,0,reference
RV64I_5SP,rv64i_s007,rv64i,RV64I_5SP,MISMATCH,0,reference
RV64I_5SP,rv64i_s008,rv64i,RV64I_5SP,MATCH,0,reference
RV64I_5SP,rv64i_s009,rv64i,RV64I_5SP,MISMATCH,0,reference
RV64I_5SP,rv64i_s010,rv64i,RV64I_5SP,MATCH,0,reference
RV64I_5SP,rv64i_s011,rv64i,RV64I_5SP,MATCH,0,reference
RV64I_5SP,rv64i_s012,rv64i,RV64I_5SP,MATCH,0,reference
RV64I_5SP,rv64i_s013,rv64i,RV64I_5SP,MATCH,0,reference
RV64I_5SP,rv64i_s014,rv64i,RV64I_5SP,MISMATCH,0,reference
RV64I_5SP,rv64i_s015,rv64i,RV64I_5SP,MATCH,0,reference
RV64I_5SP,rv64i_s016,rv64i,RV64I_5SP,MATCH,0,reference
RV64I_5SP,rv64i_s017,rv64i,RV64I_5SP,MATCH,0,reference
RV64I_5SP,rv64i_s018,rv64i,RV64I_5SP,MATCH,0,reference
RV64I_5SP,rv64i_s019,rv64i,RV64I_5SP,MISMATCH,0,reference
RV64I_5SP,rv64i_s020,rv64i,RV64I_5SP,MATCH,0,reference
