build	slack_ns	source	destination	data_path_ns	logic_ns	route_ns	levels
RV32IM_5SP_coremark	0.069	ex_mem_register/MEM_alu_result_reg[2]_replica_5/C	program_counter/pc_reg[5]_rep__3/D	23.098	6.520	16.578	30 (CARRY4=8 LUT2=1 LUT3=1 LUT4=1 LUT5=2 LUT6=14 MUXF7=3)
RV32IM_5SP_dhrystone	0.074	ex_mem_register/MEM_alu_result_reg[4]_rep__31/C	program_counter/pc_reg[31]/D	23.111	7.731	15.380	40 (CARRY4=14 LUT2=2 LUT3=1 LUT4=1 LUT5=1 LUT6=18 MUXF7=3)
RV32IM_6SP_coremark	0.028	ex_mem_register/MEM_alu_result_reg[3]_replica_6/C	program_counter/pc_reg[5]_rep__23/D	19.859	4.141	15.718	21 (LUT2=2 LUT5=3 LUT6=11 MUXF7=3 MUXF8=1 RAMS64E=1)
RV32IM_6SP_dhrystone	0.002	ex_mem_register/MEM_alu_result_reg[11]_rep__8/C	ex_ex2_register/EX2_alu_zero_reg/D	19.471	3.571	15.900	23 (LUT3=2 LUT4=1 LUT5=1 LUT6=18 MUXF7=1)
RV32IM_7SP_BRAM_Opt_coremark	0.017	data_memory/memory_bank1_reg_1/CLKBWRCLK	ex_ex2_register/EX2_alu_result_reg[0]/D	10.648	3.570	7.078	9 (LUT5=2 LUT6=7)
RV32IM_7SP_BRAM_Opt_dhrystone	0.012	data_memory/memory_bank3_reg_1/CLKBWRCLK	ex_ex2_register/EX2_alu_result_reg[0]/D	10.848	4.304	6.544	13 (CARRY4=3 LUT4=1 LUT5=2 LUT6=7)
RV32IM_7SP_BRAM_coremark	0.014	instruction_memory/instruction_reg_3/CLKBWRCLK	exception_detector/trapped_reg/D	13.750	4.699	9.051	15 (CARRY4=1 LUT3=2 LUT4=2 LUT5=1 LUT6=9)
RV32IM_7SP_BRAM_dhrystone	0.091	instruction_memory/instruction_reg_1/CLKBWRCLK	exception_detector/trap_status_reg[2]/D	13.620	4.702	8.918	16 (CARRY4=2 LUT3=1 LUT4=2 LUT5=1 LUT6=10)
RV32IM_7SP_coremark	0.032	ex_mem_register/MEM_alu_result_reg[3]_rep__29/C	ex_ex2_register/EX2_alu_zero_reg/D	17.338	4.196	13.143	20 (LUT5=1 LUT6=12 MUXF7=5 MUXF8=1 RAMS64E=1)
RV32IM_7SP_dhrystone	0.031	ex_mem_register/MEM_alu_result_reg[2]_rep__0/C	program_counter/pc_reg[12]_rep__0/D	18.765	3.862	14.903	19 (LUT2=1 LUT3=2 LUT5=2 LUT6=9 MUXF7=3 MUXF8=1 RAMS64E=1)
RV32IM_8SP_coremark	0.012	ex_ex2_register/EX2_alu_result_reg[30]/C	EXR_store_data_hold_reg[10]/CE	8.001	1.954	6.047	10 (LUT2=1 LUT3=1 LUT4=1 LUT5=1 LUT6=5 MUXF7=1)
RV32IM_8SP_dhrystone	0.012	ex_ex2_register/EX2_alu_result_reg[30]/C	EXR_store_data_hold_reg[10]/CE	8.001	1.954	6.047	10 (LUT2=1 LUT3=1 LUT4=1 LUT5=1 LUT6=5 MUXF7=1)
RV32IM_8SP_withoutOpt_coremark	0.023	exr_ex_register/EX_opcode_reg[0]/C	ex_ex2_register/EX2_alu_zero_reg/D	8.714	2.173	6.541	11 (LUT5=3 LUT6=6 MUXF7=2)
RV32IM_8SP_withoutOpt_dhrystone	0.023	exr_ex_register/EX_opcode_reg[0]/C	ex_ex2_register/EX2_alu_zero_reg/D	8.714	2.173	6.541	11 (LUT5=3 LUT6=6 MUXF7=2)
RV32I_5SP_coremark	0.137	rv32i46f_5sp_mmio/ex_mem_register/MEM_alu_result_reg[4]_replica_16/C	rv32i46f_5sp_mmio/program_counter/pc_reg[7]_rep__23/D	22.082	6.555	15.527	30 (CARRY4=9 LUT2=2 LUT3=1 LUT4=2 LUT6=11 MUXF7=3 MUXF8=1 RAMS64E=1)
RV32I_5SP_dhrystone	0.006	rv32i46f_5sp_mmio/ex_mem_register/MEM_alu_result_reg[8]_replica_9/C	rv32i46f_5sp_mmio/program_counter/pc_reg[13]_rep__0/D	22.059	4.944	17.115	25 (CARRY4=4 LUT2=1 LUT3=1 LUT4=1 LUT5=3 LUT6=13 MUXF7=2)
RV64IM_5SP_coremark	0.040	ex_mem_register/MEM_alu_result_reg[4]_replica_13/C	program_counter/pc_reg[59]/D	26.139	7.918	18.221	43 (CARRY4=20 LUT2=1 LUT3=1 LUT5=3 LUT6=13 MUXF7=3 MUXF8=1 RAMS64E=1)
RV64IM_5SP_dhrystone	0.237	ex_mem_register/MEM_alu_result_reg[11]_rep__5/C	program_counter/pc_reg[57]/D	26.767	8.098	18.669	44 (CARRY4=17 LUT2=1 LUT3=2 LUT4=1 LUT5=4 LUT6=15 MUXF7=3 MUXF8=1)
RV64IM_6SP_coremark	0.053	ex_mem_register/MEM_alu_result_reg[4]_replica_21/C	ex_ex2_register/EX2_alu_zero_reg/D	22.156	5.245	16.911	27 (CARRY4=5 LUT2=1 LUT3=2 LUT4=1 LUT5=2 LUT6=11 MUXF7=3 MUXF8=1 RAMS64E=1)
RV64IM_6SP_dhrystone	0.166	ex_mem_register/MEM_alu_result_reg[4]_replica_19/C	program_counter/pc_reg[5]_rep__0/D	22.553	3.455	19.098	20 (LUT3=1 LUT5=5 LUT6=12 MUXF7=2)
RV64IM_7SP_BRAM_Opt_coremark	0.003	data_memory/memory_bank2_reg_1/CLKBWRCLK	ex_ex2_register/EX2_alu_result_reg[60]/D	12.483	5.954	6.529	23 (CARRY4=14 LUT5=1 LUT6=7 MUXF7=1)
RV64IM_7SP_BRAM_Opt_dhrystone	0.006	data_memory/memory_bank0_reg_1/CLKBWRCLK	ex_ex2_register/EX2_alu_result_reg[7]_rep__14/D	12.103	3.694	8.409	10 (LUT6=10)
RV64IM_7SP_BRAM_coremark	0.174	ex_mem_register/MEM_alu_result_reg[3]/C	ex_ex2_register/EX2_alu_zero_reg/D	17.022	5.174	11.848	28 (CARRY4=12 LUT3=4 LUT4=1 LUT5=1 LUT6=10)
RV64IM_7SP_BRAM_dhrystone	0.143	data_memory/memory_bank7_reg_1/CLKBWRCLK	exception_detector/trap_status_reg[0]/D	16.988	4.934	12.054	20 (LUT3=2 LUT4=1 LUT5=5 LUT6=12)
RV64IM_7SP_coremark	0.168	ex_mem_register/MEM_alu_result_reg[5]_replica_8/C	exception_detector/trap_status_reg[0]/D	21.136	5.749	15.387	32 (CARRY4=8 LUT3=1 LUT4=2 LUT5=4 LUT6=12 MUXF7=3 MUXF8=1 RAMS64E=1)
RV64IM_7SP_dhrystone	0.012	ex_mem_register/MEM_alu_result_reg[4]_replica_3/C	ex_ex2_register/EX2_alu_zero_reg/D	20.664	5.228	15.436	27 (CARRY4=6 LUT3=4 LUT4=1 LUT5=2 LUT6=9 MUXF7=3 MUXF8=1 RAMS64E=1)
RV64IM_8SP_coremark	0.037	alu/multiplier_dword/mult_ALBL__2/CLK	alu/multiplier_dword/prod_high_reg[63]/D	9.530	6.683	2.847	35 (CARRY4=30 LUT1=1 LUT3=3 LUT4=1)
RV64IM_8SP_dhrystone	0.093	prod_low_reg[31]_i_16/C	alu/multiplier_dword/prod_high_reg[63]/D	9.578	6.493	3.085	32 (CARRY4=28 LUT1=1 LUT3=3)
RV64IM_8SP_withoutOpt_coremark	0.055	io_id_register/ID_instruction_reg[4]/C	instruction_memory/rom_read_data_reg[12]/CE	10.154	1.510	8.644	8 (LUT2=1 LUT5=1 LUT6=6)
RV64IM_8SP_withoutOpt_dhrystone	0.074	exr_ex_register/EX_opcode_reg[1]/C	ex_ex2_register/EX2_alu_zero_reg/D	10.255	2.925	7.330	16 (CARRY4=5 LUT2=1 LUT3=2 LUT5=2 LUT6=6)
RV64I_5SP_coremark	0.149	rv64i59f_5sp/ex_mem_register/MEM_alu_result_reg[4]_replica_18/C	rv64i59f_5sp/program_counter/pc_reg[59]/D	26.561	7.620	18.941	45 (CARRY4=21 LUT2=2 LUT3=3 LUT5=4 LUT6=13 MUXF7=1 MUXF8=1)
RV64I_5SP_dhrystone	0.108	rv64i59f_5sp/ex_mem_register/MEM_alu_result_reg[4]_replica_33/C	rv64i59f_5sp/program_counter/pc_reg[50]/D	25.421	8.666	16.755	49 (CARRY4=26 LUT2=3 LUT5=3 LUT6=13 MUXF7=2 MUXF8=1 RAMS64E=1)
