bitstream,variant,benchmark,clock_mhz,wns_ns,fmax_mhz,headroom_pct,baud_div,size_bytes
RV32IM_5SP_coremark_43MHz.bit,RV32IM_5SP,coremark,43.000,+0.069,43.128,+0.30,373,2209529
RV32IM_5SP_dhrystone_43MHz.bit,RV32IM_5SP,dhrystone,43.000,+0.074,43.137,+0.32,373,2075285
RV32IM_6SP_coremark_50MHz.bit,RV32IM_6SP,coremark,50.000,+0.028,50.070,+0.14,434,1994873
RV32IM_6SP_dhrystone_51.515MHz.bit,RV32IM_6SP,dhrystone,51.515,+0.040,51.621,+0.21,447,2089533
RV32IM_7SP_BRAM_Opt_coremark_90.001MHz.bit,RV32IM_7SP_BRAM_Opt,coremark,90.001,+0.050,90.408,+0.45,781,1594657
RV32IM_7SP_BRAM_Opt_dhrystone_90.909MHz.bit,RV32IM_7SP_BRAM_Opt,dhrystone,90.909,+0.092,91.676,+0.84,789,1454701
RV32IM_7SP_BRAM_coremark_71.999MHz.bit,RV32IM_7SP_BRAM,coremark,71.999,+0.014,72.072,+0.10,625,1580141
RV32IM_7SP_BRAM_dhrystone_71.999MHz.bit,RV32IM_7SP_BRAM,dhrystone,71.999,+0.091,72.474,+0.66,625,1510877
RV32IM_7SP_coremark_57.501MHz.bit,RV32IM_7SP,coremark,57.501,+0.032,57.607,+0.18,499,2022413
RV32IM_7SP_dhrystone_53MHz.bit,RV32IM_7SP,dhrystone,53.000,+0.031,53.087,+0.16,460,1963445
RV32IM_8SP_coremark_119.048MHz.bit,RV32IM_8SP,coremark,119.048,+0.149,121.197,+1.81,1033,1351233
RV32IM_8SP_dhrystone_119.048MHz.bit,RV32IM_8SP,dhrystone,119.048,+0.149,121.197,+1.81,1033,1309281
RV32IM_8SP_withoutOpt_coremark_113.999MHz.bit,RV32IM_8SP_withoutOpt,coremark,113.999,+0.023,114.299,+0.26,990,1332205
RV32IM_8SP_withoutOpt_dhrystone_113.999MHz.bit,RV32IM_8SP_withoutOpt,dhrystone,113.999,+0.023,114.299,+0.26,990,1270013
RV32I_5SP_coremark_45MHz.bit,RV32I_5SP,coremark,45.000,+0.137,45.280,+0.62,391,2295544
RV32I_5SP_dhrystone_45MHz.bit,RV32I_5SP,dhrystone,45.000,+0.006,45.013,+0.03,391,2293800
RV64IM_5SP_coremark_38MHz.bit,RV64IM_5SP,coremark,38.000,+0.040,38.058,+0.15,330,2697741
RV64IM_5SP_dhrystone_37MHz.bit,RV64IM_5SP,dhrystone,37.000,+0.237,37.327,+0.88,321,2411853
RV64IM_6SP_coremark_45MHz.bit,RV64IM_6SP,coremark,45.000,+0.053,45.108,+0.24,391,2922053
RV64IM_6SP_dhrystone_44.001MHz.bit,RV64IM_6SP,dhrystone,44.001,+0.166,44.324,+0.73,382,2628673
RV64IM_7SP_BRAM_Opt_coremark_83.077MHz.bit,RV64IM_7SP_BRAM_Opt,coremark,83.077,+0.004,83.105,+0.03,721,1865333
RV64IM_7SP_BRAM_Opt_dhrystone_80.952MHz.bit,RV64IM_7SP_BRAM_Opt,dhrystone,80.952,+0.004,80.978,+0.03,703,1917997
RV64IM_7SP_BRAM_coremark_55.556MHz.bit,RV64IM_7SP_BRAM,coremark,55.556,+0.019,55.614,+0.10,482,1998373
RV64IM_7SP_BRAM_dhrystone_58MHz.bit,RV64IM_7SP_BRAM,dhrystone,58.001,+0.143,58.486,+0.84,503,1847709
RV64IM_7SP_coremark_46.999MHz.bit,RV64IM_7SP,coremark,46.999,+0.168,47.373,+0.80,408,2606917
RV64IM_7SP_dhrystone_48.612MHz.bit,RV64IM_7SP,dhrystone,48.612,+0.013,48.643,+0.06,422,2525737
RV64IM_8SP_coremark_101.999MHz.bit,RV64IM_8SP,coremark,101.999,+0.000,101.999,+0.00,885,1389673
RV64IM_8SP_dhrystone_101.999MHz.bit,RV64IM_8SP,dhrystone,101.999,+0.010,102.103,+0.10,885,1551817
RV64IM_8SP_withoutOpt_coremark_91.996MHz.bit,RV64IM_8SP_withoutOpt,coremark,91.996,+0.055,92.464,+0.51,799,2243065
RV64IM_8SP_withoutOpt_dhrystone_95.997MHz.bit,RV64IM_8SP_withoutOpt,dhrystone,95.997,+0.074,96.684,+0.72,833,1721857
RV64I_5SP_coremark_37.5MHz.bit,RV64I_5SP,coremark,37.500,+0.149,37.710,+0.56,326,2620884
RV64I_5SP_dhrystone_39MHz.bit,RV64I_5SP,dhrystone,39.000,+0.002,39.003,+0.01,339,2610488
