variant,benchmark,isa,sim_cycles,sim_instret,sim_verify,image,image_md5,image_matches_build,elf_sha256,bitstream,bitstream_mtime,simulator,simulator_mtime
RV32I_5SP,matmult-int,rv32i,32009697,25076637,OK,RV-IM100_RTL/project_files/RV32s/SoCs/RV32I_5SP_Embench_matmult-int/matmult-int.mem,c835b99c8059a334a022c38c2d831b97,True,8f6cd9a9998bf54ac919ea2631d93cf3e1f155e8dafe47363d6cc802b7007b38,bitstream/embench/RV32/RV32I_5SP/RV32I_5SP_embench_matmult-int.bit,2026-09-22T15:03,riscof-env/build/socs_RV32I_5SP/Vsim_top,2026-09-22T09:12
RV32I_5SP,crc32,rv32i,43005329,35343739,OK,RV-IM100_RTL/project_files/RV32s/SoCs/RV32I_5SP_Embench_crc32/crc32.mem,0f463f628d919aadbc6a413ec00b4506,True,83f6d1d4a3d8341ade84aa5cb3542136b77298c8a4463e464f73fc8435199301,bitstream/embench/RV32/RV32I_5SP/RV32I_5SP_embench_crc32.bit,2026-09-22T15:08,riscof-env/build/socs_RV32I_5SP/Vsim_top,2026-09-22T09:12
RV32I_5SP,nettle-aes,rv32i,5104795,4790121,OK,RV-IM100_RTL/project_files/RV32s/SoCs/RV32I_5SP_Embench_nettle-aes/nettle-aes.mem,75e0e60d69f16ae8a70b7621cf524de0,True,3c854656a7b49eeb8030ccb1b229c3823a5104b1d1ba0395638f4ea508263f52,bitstream/embench/RV32/RV32I_5SP/RV32I_5SP_embench_nettle-aes.bit,2026-09-22T15:21,riscof-env/build/socs_RV32I_5SP/Vsim_top,2026-09-22T09:12
RV32I_5SP,statemate,rv32i,3646447,3313417,OK,RV-IM100_RTL/project_files/RV32s/SoCs/RV32I_5SP_Embench_statemate/statemate.mem,b51e88257856c9a34dfac78a23d1977b,True,2dbd787bf6a385de78e8ab2ee2d8d9410a3905319a32ce71f10fe8cbb6bd7af5,bitstream/embench/RV32/RV32I_5SP/RV32I_5SP_embench_statemate.bit,2026-09-22T15:32,riscof-env/build/socs_RV32I_5SP/Vsim_top,2026-09-22T09:12
RV32I_5SP,md5sum,rv32i,2916382,2567870,OK,RV-IM100_RTL/project_files/RV32s/SoCs/RV32I_5SP_Embench_md5sum/md5sum.mem,65cbe9be2a00d23b7310dc80ac672ccc,True,c8cdb6ad13f6c702c389b6f39fcd6247136e33673229af09f719827446b41d8c,bitstream/embench/RV32/RV32I_5SP/RV32I_5SP_embench_md5sum.bit,2026-09-22T15:56,riscof-env/build/socs_RV32I_5SP/Vsim_top,2026-09-22T09:12
RV32IM_5SP,matmult-int,rv32im,4300821,3016443,OK,RV-IM100_RTL/project_files/RV32s/SoCs/RV32IM_5SP_Embench_matmult-int/matmult-int.mem,2426fc4128bc73ac8e448b62f079ffc1,True,5ec023b29a0c4c326eecbebdb6669104da28913f07903c972ecfd95c0b487bc0,bitstream/embench/RV32/RV32IM_5SP/RV32IM_5SP_embench_matmult-int.bit,2026-09-22T11:04,riscof-env/build/socs_RV32IM_5SP/Vsim_top,2026-09-22T10:56
RV32IM_5SP,crc32,rv32im,5578813,4183419,OK,RV-IM100_RTL/project_files/RV32s/SoCs/RV32IM_5SP_Embench_crc32/crc32.mem,6f1ebb81dedb8e31215e07c2e82ebc84,True,434c8c03f0c7624e04dd1f5f4f4597496b2d8fa1c142143e2116c02704d131d8,bitstream/embench/RV32/RV32IM_5SP/RV32IM_5SP_embench_crc32.bit,2026-09-22T11:09,riscof-env/build/socs_RV32IM_5SP/Vsim_top,2026-09-22T10:56
RV32IM_5SP,nettle-aes,rv32im,4867675,4471529,OK,RV-IM100_RTL/project_files/RV32s/SoCs/RV32IM_5SP_Embench_nettle-aes/nettle-aes.mem,77bd0964c394f3f62b2c03cbb4fb8c0b,True,3346bc51187b815870334891bc7e0d789ff5ed7b5b9a036b1226766f575b48fc,bitstream/embench/RV32/RV32IM_5SP/RV32IM_5SP_embench_nettle-aes.bit,2026-09-22T11:14,riscof-env/build/socs_RV32IM_5SP/Vsim_top,2026-09-22T10:56
RV32IM_5SP,statemate,rv32im,3646447,3313417,OK,RV-IM100_RTL/project_files/RV32s/SoCs/RV32IM_5SP_Embench_statemate/statemate.mem,93a79127c1b86ab683a83179667ab5d4,True,9af32c74240d44137195cbbdc19a415383fed1ce45441bc8c99160b1ad58fe34,bitstream/embench/RV32/RV32IM_5SP/RV32IM_5SP_embench_statemate.bit,2026-09-22T11:24,riscof-env/build/socs_RV32IM_5SP/Vsim_top,2026-09-22T10:56
RV32IM_5SP,md5sum,rv32im,3133720,2514872,OK,RV-IM100_RTL/project_files/RV32s/SoCs/RV32IM_5SP_Embench_md5sum/md5sum.mem,f933cd3bac15f815853730a19ebd4992,True,7d13f632fe731bc954a8899dc418946baa3419c0106f40ccc79d06d605100a2e,bitstream/embench/RV32/RV32IM_5SP/RV32IM_5SP_embench_md5sum.bit,2026-09-22T11:29,riscof-env/build/socs_RV32IM_5SP/Vsim_top,2026-09-22T10:56
RV32IM_6SP,matmult-int,rv32im,4318642,3016442,OK,RV-IM100_RTL/project_files/RV32s/SoCs/RV32IM_6SP_Embench_matmult-int/matmult-int.mem,2426fc4128bc73ac8e448b62f079ffc1,True,5ec023b29a0c4c326eecbebdb6669104da28913f07903c972ecfd95c0b487bc0,bitstream/embench/RV32/RV32IM_6SP/RV32IM_6SP_embench_matmult-int.bit,2026-09-22T12:20,riscof-env/build/socs_RV32IM_6SP/Vsim_top,2026-09-21T09:59
RV32IM_6SP,crc32,rv32im,5579324,4183418,OK,RV-IM100_RTL/project_files/RV32s/SoCs/RV32IM_6SP_Embench_crc32/crc32.mem,6f1ebb81dedb8e31215e07c2e82ebc84,True,434c8c03f0c7624e04dd1f5f4f4597496b2d8fa1c142143e2116c02704d131d8,bitstream/embench/RV32/RV32IM_6SP/RV32IM_6SP_embench_crc32.bit,2026-09-22T12:24,riscof-env/build/socs_RV32IM_6SP/Vsim_top,2026-09-21T09:59
RV32IM_6SP,nettle-aes,rv32im,5010023,4471528,OK,RV-IM100_RTL/project_files/RV32s/SoCs/RV32IM_6SP_Embench_nettle-aes/nettle-aes.mem,77bd0964c394f3f62b2c03cbb4fb8c0b,True,3346bc51187b815870334891bc7e0d789ff5ed7b5b9a036b1226766f575b48fc,bitstream/embench/RV32/RV32IM_6SP/RV32IM_6SP_embench_nettle-aes.bit,2026-09-22T12:28,riscof-env/build/socs_RV32IM_6SP/Vsim_top,2026-09-21T09:59
RV32IM_6SP,statemate,rv32im,3872885,3313416,OK,RV-IM100_RTL/project_files/RV32s/SoCs/RV32IM_6SP_Embench_statemate/statemate.mem,93a79127c1b86ab683a83179667ab5d4,True,9af32c74240d44137195cbbdc19a415383fed1ce45441bc8c99160b1ad58fe34,bitstream/embench/RV32/RV32IM_6SP/RV32IM_6SP_embench_statemate.bit,2026-09-22T12:36,riscof-env/build/socs_RV32IM_6SP/Vsim_top,2026-09-21T09:59
RV32IM_6SP,md5sum,rv32im,3187708,2514871,OK,RV-IM100_RTL/project_files/RV32s/SoCs/RV32IM_6SP_Embench_md5sum/md5sum.mem,f933cd3bac15f815853730a19ebd4992,True,7d13f632fe731bc954a8899dc418946baa3419c0106f40ccc79d06d605100a2e,bitstream/embench/RV32/RV32IM_6SP/RV32IM_6SP_embench_md5sum.bit,2026-09-22T13:02,riscof-env/build/socs_RV32IM_6SP/Vsim_top,2026-09-21T09:59
RV32IM_7SP,matmult-int,rv32im,4984224,3016442,OK,RV-IM100_RTL/project_files/RV32s/SoCs/RV32IM_7SP_Embench_matmult-int/matmult-int.mem,2426fc4128bc73ac8e448b62f079ffc1,True,5ec023b29a0c4c326eecbebdb6669104da28913f07903c972ecfd95c0b487bc0,bitstream/embench/RV32/RV32IM_7SP/RV32IM_7SP_embench_matmult-int.bit,2026-09-22T13:07,riscof-env/build/socs_RV32IM_7SP/Vsim_top,2026-09-21T10:21
RV32IM_7SP,crc32,rv32im,6626532,4183418,OK,RV-IM100_RTL/project_files/RV32s/SoCs/RV32IM_7SP_Embench_crc32/crc32.mem,6f1ebb81dedb8e31215e07c2e82ebc84,True,434c8c03f0c7624e04dd1f5f4f4597496b2d8fa1c142143e2116c02704d131d8,bitstream/embench/RV32/RV32IM_7SP/RV32IM_7SP_embench_crc32.bit,2026-09-22T13:12,riscof-env/build/socs_RV32IM_7SP/Vsim_top,2026-09-21T10:21
RV32IM_7SP,nettle-aes,rv32im,5244113,4471528,OK,RV-IM100_RTL/project_files/RV32s/SoCs/RV32IM_7SP_Embench_nettle-aes/nettle-aes.mem,77bd0964c394f3f62b2c03cbb4fb8c0b,True,3346bc51187b815870334891bc7e0d789ff5ed7b5b9a036b1226766f575b48fc,bitstream/embench/RV32/RV32IM_7SP/RV32IM_7SP_embench_nettle-aes.bit,2026-09-22T13:17,riscof-env/build/socs_RV32IM_7SP/Vsim_top,2026-09-21T10:21
RV32IM_7SP,statemate,rv32im,4385711,3313416,OK,RV-IM100_RTL/project_files/RV32s/SoCs/RV32IM_7SP_Embench_statemate/statemate.mem,93a79127c1b86ab683a83179667ab5d4,True,9af32c74240d44137195cbbdc19a415383fed1ce45441bc8c99160b1ad58fe34,bitstream/embench/RV32/RV32IM_7SP/RV32IM_7SP_embench_statemate.bit,2026-09-22T13:24,riscof-env/build/socs_RV32IM_7SP/Vsim_top,2026-09-21T10:21
RV32IM_7SP,md5sum,rv32im,4084920,2514871,OK,RV-IM100_RTL/project_files/RV32s/SoCs/RV32IM_7SP_Embench_md5sum/md5sum.mem,f933cd3bac15f815853730a19ebd4992,True,7d13f632fe731bc954a8899dc418946baa3419c0106f40ccc79d06d605100a2e,bitstream/embench/RV32/RV32IM_7SP/RV32IM_7SP_embench_md5sum.bit,2026-09-22T13:29,riscof-env/build/socs_RV32IM_7SP/Vsim_top,2026-09-21T10:21
RV32IM_7SP_BRAM,matmult-int,rv32im,5385472,3016442,OK,RV-IM100_RTL/project_files/RV32s/SoCs/RV32IM_7SP_BRAM_Embench_matmult-int/matmult-int.mem,2426fc4128bc73ac8e448b62f079ffc1,True,5ec023b29a0c4c326eecbebdb6669104da28913f07903c972ecfd95c0b487bc0,bitstream/embench/RV32/RV32IM_7SP_BRAM/RV32IM_7SP_BRAM_embench_matmult-int.bit,2026-09-22T13:33,riscof-env/build/socs_RV32IM_7SP_BRAM/Vsim_top,2026-09-21T09:59
RV32IM_7SP_BRAM,crc32,rv32im,6801646,4183418,OK,RV-IM100_RTL/project_files/RV32s/SoCs/RV32IM_7SP_BRAM_Embench_crc32/crc32.mem,6f1ebb81dedb8e31215e07c2e82ebc84,True,434c8c03f0c7624e04dd1f5f4f4597496b2d8fa1c142143e2116c02704d131d8,bitstream/embench/RV32/RV32IM_7SP_BRAM/RV32IM_7SP_BRAM_embench_crc32.bit,2026-09-22T13:37,riscof-env/build/socs_RV32IM_7SP_BRAM/Vsim_top,2026-09-21T09:59
RV32IM_7SP_BRAM,nettle-aes,rv32im,5372114,4471528,OK,RV-IM100_RTL/project_files/RV32s/SoCs/RV32IM_7SP_BRAM_Embench_nettle-aes/nettle-aes.mem,77bd0964c394f3f62b2c03cbb4fb8c0b,True,3346bc51187b815870334891bc7e0d789ff5ed7b5b9a036b1226766f575b48fc,bitstream/embench/RV32/RV32IM_7SP_BRAM/RV32IM_7SP_BRAM_embench_nettle-aes.bit,2026-09-22T13:42,riscof-env/build/socs_RV32IM_7SP_BRAM/Vsim_top,2026-09-21T09:59
RV32IM_7SP_BRAM,statemate,rv32im,5234877,3313416,OK,RV-IM100_RTL/project_files/RV32s/SoCs/RV32IM_7SP_BRAM_Embench_statemate/statemate.mem,93a79127c1b86ab683a83179667ab5d4,True,9af32c74240d44137195cbbdc19a415383fed1ce45441bc8c99160b1ad58fe34,bitstream/embench/RV32/RV32IM_7SP_BRAM/RV32IM_7SP_BRAM_embench_statemate.bit,2026-09-22T13:46,riscof-env/build/socs_RV32IM_7SP_BRAM/Vsim_top,2026-09-21T09:59
RV32IM_7SP_BRAM,md5sum,rv32im,4195882,2514871,OK,RV-IM100_RTL/project_files/RV32s/SoCs/RV32IM_7SP_BRAM_Embench_md5sum/md5sum.mem,f933cd3bac15f815853730a19ebd4992,True,7d13f632fe731bc954a8899dc418946baa3419c0106f40ccc79d06d605100a2e,bitstream/embench/RV32/RV32IM_7SP_BRAM/RV32IM_7SP_BRAM_embench_md5sum.bit,2026-09-22T13:50,riscof-env/build/socs_RV32IM_7SP_BRAM/Vsim_top,2026-09-21T09:59
RV32IM_7SP_BRAM_Opt,matmult-int,rv32im,5385786,3016415,OK,RV-IM100_RTL/project_files/RV32s/SoCs/RV32IM_7SP_BRAM_Opt_Embench_matmult-int/matmult-int.mem,2426fc4128bc73ac8e448b62f079ffc1,True,5ec023b29a0c4c326eecbebdb6669104da28913f07903c972ecfd95c0b487bc0,bitstream/embench/RV32/RV32IM_7SP_BRAM_Opt/RV32IM_7SP_BRAM_Opt_embench_matmult-int.bit,2026-09-22T13:54,riscof-env/build/socs_RV32IM_7SP_BRAM_Opt/Vsim_top,2026-09-21T09:59
RV32IM_7SP_BRAM_Opt,crc32,rv32im,7150618,4183391,OK,RV-IM100_RTL/project_files/RV32s/SoCs/RV32IM_7SP_BRAM_Opt_Embench_crc32/crc32.mem,6f1ebb81dedb8e31215e07c2e82ebc84,True,434c8c03f0c7624e04dd1f5f4f4597496b2d8fa1c142143e2116c02704d131d8,bitstream/embench/RV32/RV32IM_7SP_BRAM_Opt/RV32IM_7SP_BRAM_Opt_embench_crc32.bit,2026-09-22T13:59,riscof-env/build/socs_RV32IM_7SP_BRAM_Opt/Vsim_top,2026-09-21T09:59
RV32IM_7SP_BRAM_Opt,nettle-aes,rv32im,5420185,4471501,OK,RV-IM100_RTL/project_files/RV32s/SoCs/RV32IM_7SP_BRAM_Opt_Embench_nettle-aes/nettle-aes.mem,77bd0964c394f3f62b2c03cbb4fb8c0b,True,3346bc51187b815870334891bc7e0d789ff5ed7b5b9a036b1226766f575b48fc,bitstream/embench/RV32/RV32IM_7SP_BRAM_Opt/RV32IM_7SP_BRAM_Opt_embench_nettle-aes.bit,2026-09-22T14:03,riscof-env/build/socs_RV32IM_7SP_BRAM_Opt/Vsim_top,2026-09-21T09:59
RV32IM_7SP_BRAM_Opt,statemate,rv32im,5328080,3313389,OK,RV-IM100_RTL/project_files/RV32s/SoCs/RV32IM_7SP_BRAM_Opt_Embench_statemate/statemate.mem,93a79127c1b86ab683a83179667ab5d4,True,9af32c74240d44137195cbbdc19a415383fed1ce45441bc8c99160b1ad58fe34,bitstream/embench/RV32/RV32IM_7SP_BRAM_Opt/RV32IM_7SP_BRAM_Opt_embench_statemate.bit,2026-09-22T14:09,riscof-env/build/socs_RV32IM_7SP_BRAM_Opt/Vsim_top,2026-09-21T09:59
RV32IM_7SP_BRAM_Opt,md5sum,rv32im,4349888,2514844,OK,RV-IM100_RTL/project_files/RV32s/SoCs/RV32IM_7SP_BRAM_Opt_Embench_md5sum/md5sum.mem,f933cd3bac15f815853730a19ebd4992,True,7d13f632fe731bc954a8899dc418946baa3419c0106f40ccc79d06d605100a2e,bitstream/embench/RV32/RV32IM_7SP_BRAM_Opt/RV32IM_7SP_BRAM_Opt_embench_md5sum.bit,2026-09-22T14:13,riscof-env/build/socs_RV32IM_7SP_BRAM_Opt/Vsim_top,2026-09-21T09:59
RV32IM_8SP_withoutOpt,matmult-int,rv32im,5767444,3016415,OK,RV-IM100_RTL/project_files/RV32s/SoCs/RV32IM_8SP_withoutOpt_Embench_matmult-int/matmult-int.mem,2426fc4128bc73ac8e448b62f079ffc1,True,5ec023b29a0c4c326eecbebdb6669104da28913f07903c972ecfd95c0b487bc0,bitstream/embench/RV32/RV32IM_8SP_withoutOpt/RV32IM_8SP_withoutOpt_embench_matmult-int.bit,2026-09-22T14:41,riscof-env/build/socs_RV32IM_8SP_withoutOpt/Vsim_top,2026-09-21T09:59
RV32IM_8SP_withoutOpt,crc32,rv32im,8892785,4183391,OK,RV-IM100_RTL/project_files/RV32s/SoCs/RV32IM_8SP_withoutOpt_Embench_crc32/crc32.mem,6f1ebb81dedb8e31215e07c2e82ebc84,True,434c8c03f0c7624e04dd1f5f4f4597496b2d8fa1c142143e2116c02704d131d8,bitstream/embench/RV32/RV32IM_8SP_withoutOpt/RV32IM_8SP_withoutOpt_embench_crc32.bit,2026-09-22T14:45,riscof-env/build/socs_RV32IM_8SP_withoutOpt/Vsim_top,2026-09-21T09:59
RV32IM_8SP_withoutOpt,nettle-aes,rv32im,6100695,4471501,OK,RV-IM100_RTL/project_files/RV32s/SoCs/RV32IM_8SP_withoutOpt_Embench_nettle-aes/nettle-aes.mem,77bd0964c394f3f62b2c03cbb4fb8c0b,True,3346bc51187b815870334891bc7e0d789ff5ed7b5b9a036b1226766f575b48fc,bitstream/embench/RV32/RV32IM_8SP_withoutOpt/RV32IM_8SP_withoutOpt_embench_nettle-aes.bit,2026-09-22T14:49,riscof-env/build/socs_RV32IM_8SP_withoutOpt/Vsim_top,2026-09-21T09:59
RV32IM_8SP_withoutOpt,statemate,rv32im,6979764,3313389,OK,RV-IM100_RTL/project_files/RV32s/SoCs/RV32IM_8SP_withoutOpt_Embench_statemate/statemate.mem,93a79127c1b86ab683a83179667ab5d4,True,9af32c74240d44137195cbbdc19a415383fed1ce45441bc8c99160b1ad58fe34,bitstream/embench/RV32/RV32IM_8SP_withoutOpt/RV32IM_8SP_withoutOpt_embench_statemate.bit,2026-09-22T14:54,riscof-env/build/socs_RV32IM_8SP_withoutOpt/Vsim_top,2026-09-21T09:59
RV32IM_8SP_withoutOpt,md5sum,rv32im,5089164,2514844,OK,RV-IM100_RTL/project_files/RV32s/SoCs/RV32IM_8SP_withoutOpt_Embench_md5sum/md5sum.mem,f933cd3bac15f815853730a19ebd4992,True,7d13f632fe731bc954a8899dc418946baa3419c0106f40ccc79d06d605100a2e,bitstream/embench/RV32/RV32IM_8SP_withoutOpt/RV32IM_8SP_withoutOpt_embench_md5sum.bit,2026-09-22T14:58,riscof-env/build/socs_RV32IM_8SP_withoutOpt/Vsim_top,2026-09-21T09:59
RV32IM_8SP,matmult-int,rv32im,5767801,3016415,OK,RV-IM100_RTL/project_files/RV32s/SoCs/RV32IM_8SP_Embench_matmult-int/matmult-int.mem,2426fc4128bc73ac8e448b62f079ffc1,True,5ec023b29a0c4c326eecbebdb6669104da28913f07903c972ecfd95c0b487bc0,bitstream/embench/RV32/RV32IM_8SP/RV32IM_8SP_embench_matmult-int.bit,2026-09-22T14:18,riscof-env/build/socs_RV32IM_8SP/Vsim_top,2026-09-21T09:59
RV32IM_8SP,crc32,rv32im,9241800,4183391,OK,RV-IM100_RTL/project_files/RV32s/SoCs/RV32IM_8SP_Embench_crc32/crc32.mem,6f1ebb81dedb8e31215e07c2e82ebc84,True,434c8c03f0c7624e04dd1f5f4f4597496b2d8fa1c142143e2116c02704d131d8,bitstream/embench/RV32/RV32IM_8SP/RV32IM_8SP_embench_crc32.bit,2026-09-22T14:22,riscof-env/build/socs_RV32IM_8SP/Vsim_top,2026-09-21T09:59
RV32IM_8SP,nettle-aes,rv32im,6148809,4471501,OK,RV-IM100_RTL/project_files/RV32s/SoCs/RV32IM_8SP_Embench_nettle-aes/nettle-aes.mem,77bd0964c394f3f62b2c03cbb4fb8c0b,True,3346bc51187b815870334891bc7e0d789ff5ed7b5b9a036b1226766f575b48fc,bitstream/embench/RV32/RV32IM_8SP/RV32IM_8SP_embench_nettle-aes.bit,2026-09-22T14:27,riscof-env/build/socs_RV32IM_8SP/Vsim_top,2026-09-21T09:59
RV32IM_8SP,statemate,rv32im,7073010,3313389,OK,RV-IM100_RTL/project_files/RV32s/SoCs/RV32IM_8SP_Embench_statemate/statemate.mem,93a79127c1b86ab683a83179667ab5d4,True,9af32c74240d44137195cbbdc19a415383fed1ce45441bc8c99160b1ad58fe34,bitstream/embench/RV32/RV32IM_8SP/RV32IM_8SP_embench_statemate.bit,2026-09-22T14:32,riscof-env/build/socs_RV32IM_8SP/Vsim_top,2026-09-21T09:59
RV32IM_8SP,md5sum,rv32im,5243213,2514844,OK,RV-IM100_RTL/project_files/RV32s/SoCs/RV32IM_8SP_Embench_md5sum/md5sum.mem,f933cd3bac15f815853730a19ebd4992,True,7d13f632fe731bc954a8899dc418946baa3419c0106f40ccc79d06d605100a2e,bitstream/embench/RV32/RV32IM_8SP/RV32IM_8SP_embench_md5sum.bit,2026-09-22T14:36,riscof-env/build/socs_RV32IM_8SP/Vsim_top,2026-09-21T09:59
