block,variant,FPGA cycles,FPGA instret,CPI,sim cycles,sim = FPGA?,verify,build MHz,runtime ms
RV32  matmult-int,I_5SP,32009697,25076637,1.2765,32009697,EXACT,OK,45,711.327
RV32  matmult-int,IM_5SP,4300821,3016443,1.4258,4300821,EXACT,OK,43,100.019
RV32  matmult-int,IM_6SP,4318642,3016442,1.4317,4318642,EXACT,OK,50,86.373
RV32  matmult-int,IM_7SP,4984224,3016442,1.6524,4984224,EXACT,OK,57.501,86.681
RV32  matmult-int,IM_7SP_BRAM,5385472,3016442,1.7854,5385472,EXACT,OK,71.999,74.799
RV32  matmult-int,IM_7SP_BRAM_Opt,5385786,3016415,1.7855,5385786,EXACT,OK,92,58.541
RV32  matmult-int,IM_8SP_withoutOpt,5767444,3016415,1.912,5767444,EXACT,OK,113.999,50.592
RV32  matmult-int,IM_8SP,5767801,3016415,1.9121,5767801,EXACT,OK,122,47.277
RV32  crc32,I_5SP,43005329,35343739,1.2168,43005329,EXACT,OK,45,955.674
RV32  crc32,IM_5SP,5578813,4183419,1.3336,5578813,EXACT,OK,43,129.74
RV32  crc32,IM_6SP,5579324,4183418,1.3337,5579324,EXACT,OK,50,111.586
RV32  crc32,IM_7SP,6626532,4183418,1.584,6626532,EXACT,OK,57.501,115.242
RV32  crc32,IM_7SP_BRAM,6801646,4183418,1.6259,6801646,EXACT,OK,71.999,94.469
RV32  crc32,IM_7SP_BRAM_Opt,7150618,4183391,1.7093,7150618,EXACT,OK,92,77.724
RV32  crc32,IM_8SP_withoutOpt,8892785,4183391,2.1257,8892785,EXACT,OK,113.999,78.008
RV32  crc32,IM_8SP,9241800,4183391,2.2092,9241800,EXACT,OK,122,75.752
RV32  nettle-aes,I_5SP,5104795,4790121,1.0657,5104795,EXACT,OK,45,113.44
RV32  nettle-aes,IM_5SP,4867675,4471529,1.0886,4867675,EXACT,OK,43,113.202
RV32  nettle-aes,IM_6SP,5010023,4471528,1.1204,5010023,EXACT,OK,50,100.2
RV32  nettle-aes,IM_7SP,5244113,4471528,1.1728,5244113,EXACT,OK,57.501,91.2
RV32  nettle-aes,IM_7SP_BRAM,5372114,4471528,1.2014,5372114,EXACT,OK,71.999,74.614
RV32  nettle-aes,IM_7SP_BRAM_Opt,5420185,4471501,1.2122,5420185,EXACT,OK,92,58.915
RV32  nettle-aes,IM_8SP_withoutOpt,6100695,4471501,1.3644,6100695,EXACT,OK,113.999,53.515
RV32  nettle-aes,IM_8SP,6148809,4471501,1.3751,6148809,EXACT,OK,122,50.4
RV32  statemate,I_5SP,3646447,3313417,1.1005,3646447,EXACT,OK,45,81.032
RV32  statemate,IM_5SP,3646447,3313417,1.1005,3646447,EXACT,OK,43,84.801
RV32  statemate,IM_6SP,3872885,3313416,1.1688,3872885,EXACT,OK,50,77.458
RV32  statemate,IM_7SP,4385711,3313416,1.3236,4385711,EXACT,OK,57.501,76.272
RV32  statemate,IM_7SP_BRAM,5234877,3313416,1.5799,5234877,EXACT,OK,71.999,72.708
RV32  statemate,IM_7SP_BRAM_Opt,5328080,3313389,1.608,5328080,EXACT,OK,92,57.914
RV32  statemate,IM_8SP_withoutOpt,6979764,3313389,2.1065,6979764,EXACT,OK,113.999,61.227
RV32  statemate,IM_8SP,7073010,3313389,2.1347,7073010,EXACT,OK,122,57.975
RV32  md5sum,I_5SP,2916382,2567870,1.1357,2916382,EXACT,OK,45,64.808
RV32  md5sum,IM_5SP,3133720,2514872,1.2461,3133720,EXACT,OK,43,72.877
RV32  md5sum,IM_6SP,3187708,2514871,1.2675,3187708,EXACT,OK,50,63.754
RV32  md5sum,IM_7SP,4084920,2514871,1.6243,4084920,EXACT,OK,57.501,71.041
RV32  md5sum,IM_7SP_BRAM,4195882,2514871,1.6684,4195882,EXACT,OK,71.999,58.277
RV32  md5sum,IM_7SP_BRAM_Opt,4349888,2514844,1.7297,4349888,EXACT,OK,92,47.281
RV32  md5sum,IM_8SP_withoutOpt,5089164,2514844,2.0236,5089164,EXACT,OK,113.999,44.642
RV32  md5sum,IM_8SP,5243213,2514844,2.0849,5243213,EXACT,OK,122,42.977
