variant,isa,xlen,stages,suite,passed,total,failing
socs_RV32I_5SP,RV32IZicsr,32,5,I,38,38,
socs_RV32IM_5SP,RV32IMZicsr,32,5,I,38,38,
socs_RV32IM_5SP,RV32IMZicsr,32,5,M,8,8,
socs_RV32IM_6SP,RV32IMZicsr,32,6,I,38,38,
socs_RV32IM_6SP,RV32IMZicsr,32,6,M,8,8,
socs_RV32IM_7SP,RV32IMZicsr,32,7,I,38,38,
socs_RV32IM_7SP,RV32IMZicsr,32,7,M,8,8,
socs_RV32IM_7SP_BRAM,RV32IMZicsr,32,7,I,38,38,
socs_RV32IM_7SP_BRAM,RV32IMZicsr,32,7,M,8,8,
socs_RV32IM_7SP_BRAM_Opt,RV32IMZicsr,32,7,I,38,38,
socs_RV32IM_7SP_BRAM_Opt,RV32IMZicsr,32,7,M,8,8,
socs_RV32IM_8SP,RV32IMZicsr,32,8,I,38,38,
socs_RV32IM_8SP,RV32IMZicsr,32,8,M,8,8,
socs_RV32IM_8SP_withoutOpt,RV32IMZicsr,32,8,I,38,38,
socs_RV32IM_8SP_withoutOpt,RV32IMZicsr,32,8,M,8,8,
socs_RV64I_5SP,RV64IZicsr,64,5,I,50,50,
socs_RV64IM_5SP,RV64IMZicsr,64,5,I,50,50,
socs_RV64IM_5SP,RV64IMZicsr,64,5,M,13,13,
socs_RV64IM_6SP,RV64IMZicsr,64,6,I,50,50,
socs_RV64IM_6SP,RV64IMZicsr,64,6,M,13,13,
socs_RV64IM_7SP,RV64IMZicsr,64,7,I,50,50,
socs_RV64IM_7SP,RV64IMZicsr,64,7,M,13,13,
socs_RV64IM_7SP_BRAM,RV64IMZicsr,64,7,I,50,50,
socs_RV64IM_7SP_BRAM,RV64IMZicsr,64,7,M,13,13,
socs_RV64IM_7SP_BRAM_Opt,RV64IMZicsr,64,7,I,50,50,
socs_RV64IM_7SP_BRAM_Opt,RV64IMZicsr,64,7,M,13,13,
socs_RV64IM_8SP,RV64IMZicsr,64,8,I,50,50,
socs_RV64IM_8SP,RV64IMZicsr,64,8,M,13,13,
socs_RV64IM_8SP_withoutOpt,RV64IMZicsr,64,8,I,50,50,
socs_RV64IM_8SP_withoutOpt,RV64IMZicsr,64,8,M,13,13,
