variant,bench,bufgctrl,mmcme2,plle2,bufg_clockrpt
RV32IM_5SP,coremark,2,0,1,2
RV32IM_5SP,dhrystone,2,0,1,2
RV32IM_6SP,coremark,2,0,1,2
RV32IM_6SP,dhrystone,2,0,1,2
RV32IM_7SP_BRAM_Opt,coremark,2,0,1,2
RV32IM_7SP_BRAM_Opt,dhrystone,4,0,1,4
RV32IM_7SP_BRAM,coremark,2,0,1,2
RV32IM_7SP_BRAM,dhrystone,2,0,1,2
RV32IM_7SP,coremark,2,0,1,2
RV32IM_7SP,dhrystone,2,0,1,2
RV32IM_8SP,coremark,3,0,1,3
RV32IM_8SP,dhrystone,3,0,1,3
RV32IM_8SP_withoutOpt,coremark,2,0,1,2
RV32IM_8SP_withoutOpt,dhrystone,2,0,1,2
RV32I_5SP,coremark,2,0,1,2
RV32I_5SP,dhrystone,2,0,1,2
RV64IM_5SP,coremark,2,0,1,2
RV64IM_5SP,dhrystone,2,0,1,2
RV64IM_6SP,coremark,2,0,1,2
RV64IM_6SP,dhrystone,2,0,1,2
RV64IM_7SP_BRAM_Opt,coremark,4,0,1,4
RV64IM_7SP_BRAM_Opt,dhrystone,2,0,1,2
RV64IM_7SP_BRAM,coremark,2,0,1,2
RV64IM_7SP_BRAM,dhrystone,2,0,1,2
RV64IM_7SP,coremark,2,0,1,2
RV64IM_7SP,dhrystone,2,0,1,2
RV64IM_8SP,coremark,2,0,1,2
RV64IM_8SP,dhrystone,2,0,1,2
RV64IM_8SP_withoutOpt,coremark,2,0,1,2
RV64IM_8SP_withoutOpt,dhrystone,2,0,1,2
RV64I_5SP,coremark,2,0,1,2
RV64I_5SP,dhrystone,2,0,1,2
