variant,status,top,constraint_mhz,wns_ns,fmax_mhz,lut,lut_logic,lutram,ff,bram,dsp,p_clocks,p_signals,p_logic,p_bram,p_dsp,p_io,p_static,p_total
RV32I_5SP,ok,RV32I46F5SP_CORE,200.0,-11.888,59.214,2676,2628,48,1194,0,0,0.021,0.006,0.006,0.0,0.0,0.0,0.122,0.156
RV32IM_5SP,ok,RV32IM72F5SP_CORE,200.0,-12.242,57.998,3759,3711,48,1719,0,4,0.026,0.008,0.008,0.0,0.0,0.0,0.122,0.164
RV32IM_6SP,ok,RV32IM72F6SP_CORE,200.0,-9.558,68.691,3806,3758,48,1986,0,4,0.029,0.01,0.009,0.0,0.0,0.0,0.122,0.17
RV32IM_7SP,ok,RV32IM72F7SP_CORE,200.0,-9.521,68.866,3151,3103,48,2116,0,4,0.032,0.007,0.006,0.0,0.0,0.0,0.122,0.168
RV32IM_7SP_BRAM,ok,RV32IM72F7SP_CORE,200.0,-9.525,68.847,3188,3140,48,2116,0,4,0.023,0.006,0.005,0.0,0.0,0.0,0.122,0.156
RV32IM_7SP_BRAM_Opt,ok,RV32IM72F7SP_CORE,200.0,-5.607,94.277,2633,2585,48,1847,0,4,0.02,0.006,0.005,0.0,0.0,0.0,0.122,0.154
RV32IM_8SP_withoutOpt,ok,RV32IM72F8SP_CORE,200.0,-5.126,98.756,3240,3192,48,2549,0,4,0.026,0.007,0.005,0.0,0.0,0.0,0.122,0.161
RV32IM_8SP,ok,RV32IM72F8SP_CORE,200.0,-4.507,105.186,2878,2830,48,2278,0,4,0.022,0.008,0.006,0.0,0.0,0.0,0.122,0.158
RV64I_5SP,ok,RV64I59F5SP,200.0,-14.502,51.277,5645,5557,88,2332,0,0,0.041,0.012,0.012,0.0,0.0,0.0,0.122,0.187
RV64IM_5SP,ok,RV64IM72F5SP_CORE,200.0,-14.547,51.159,8292,8204,88,3552,0,20,0.038,0.02,0.02,0.0,0.0,0.0,0.122,0.2
RV64IM_6SP,ok,RV64IM72F6SP_CORE,200.0,-10.471,64.637,8600,8512,88,3947,0,20,0.041,0.023,0.022,0.0,0.0,0.0,0.122,0.21
RV64IM_7SP,ok,RV64IM72F6SP_CORE,200.0,-10.471,64.637,7448,7360,88,4173,0,20,0.046,0.021,0.019,0.0,0.0,0.0,0.122,0.208
RV64IM_7SP_BRAM,ok,RV64IM72F6SP_CORE,200.0,-10.471,64.637,7520,7432,88,4173,0,20,0.035,0.015,0.014,0.0,0.0,0.0,0.122,0.187
RV64IM_7SP_BRAM_Opt,ok,RV64IM72F6SP_CORE,200.0,-5.911,91.651,6509,6421,88,3684,0,20,0.029,0.013,0.013,0.0,0.0,0.0,0.122,0.178
RV64IM_8SP_withoutOpt,ok,RV64IM72F8SP_CORE,200.0,-6.112,89.993,7868,7780,88,4974,0,20,0.039,0.017,0.014,0.0,0.0,0.0,0.122,0.193
RV64IM_8SP,ok,RV64IM72F8SP_CORE,200.0,-4.934,100.664,6981,6893,88,4489,0,20,0.033,0.014,0.012,0.0,0.0,0.0,0.122,0.183
