variant,benchmark,sim_cycles,sim_instret,sim_cpi
RV32IM_5SP,crc32,5578645,4183251,1.3336
RV32IM_5SP,matmult-int,4300823,3016445,1.4258
RV32IM_5SP,md5sum,3133722,2514874,1.2461
RV32IM_5SP,nettle-aes,4867677,4471531,1.0886
RV32IM_5SP,statemate,3646449,3313419,1.1005
RV32IM_6SP,crc32,5579156,4183250,1.3337
RV32IM_6SP,matmult-int,4318644,3016444,1.4317
RV32IM_6SP,md5sum,3187710,2514873,1.2675
RV32IM_6SP,nettle-aes,5010025,4471530,1.1204
RV32IM_6SP,statemate,3872887,3313418,1.1688
RV32IM_7SP,crc32,6626364,4183250,1.584
RV32IM_7SP,matmult-int,4984226,3016444,1.6524
RV32IM_7SP,md5sum,4084922,2514873,1.6243
RV32IM_7SP,nettle-aes,5244115,4471530,1.1728
RV32IM_7SP,statemate,4385713,3313418,1.3236
RV32IM_7SP_BRAM,crc32,6801433,4183221,1.6259
RV32IM_7SP_BRAM,matmult-int,5385429,3016415,1.7854
RV32IM_7SP_BRAM,md5sum,4195839,2514844,1.6684
RV32IM_7SP_BRAM,nettle-aes,5372071,4471501,1.2014
RV32IM_7SP_BRAM,statemate,5234834,3313389,1.5799
RV32IM_7SP_BRAM_Opt,crc32,7150448,4183221,1.7093
RV32IM_7SP_BRAM_Opt,matmult-int,5385786,3016415,1.7855
RV32IM_7SP_BRAM_Opt,md5sum,4349888,2514844,1.7297
RV32IM_7SP_BRAM_Opt,nettle-aes,5420185,4471501,1.2122
RV32IM_7SP_BRAM_Opt,statemate,5328080,3313389,1.608
RV32IM_8SP,crc32,9241460,4183221,2.2092
RV32IM_8SP,matmult-int,5767801,3016415,1.9121
RV32IM_8SP,md5sum,5243213,2514844,2.0849
RV32IM_8SP,nettle-aes,6148809,4471501,1.3751
RV32IM_8SP,statemate,7073010,3313389,2.1347
RV32IM_8SP_withoutOpt,crc32,8892445,4183221,2.1257
RV32IM_8SP_withoutOpt,matmult-int,5767444,3016415,1.912
RV32IM_8SP_withoutOpt,md5sum,5089164,2514844,2.0236
RV32IM_8SP_withoutOpt,nettle-aes,6100695,4471501,1.3644
RV32IM_8SP_withoutOpt,statemate,6979764,3313389,2.1065
RV32I_5SP,crc32,43005161,35343571,1.2168
RV32I_5SP,matmult-int,32009699,25076639,1.2765
RV32I_5SP,md5sum,2916384,2567872,1.1357
RV32I_5SP,nettle-aes,5104797,4790123,1.0657
RV32I_5SP,statemate,3646449,3313419,1.1005
RV64IM_5SP,crc32,5579135,4183741,1.3335
RV64IM_5SP,matmult-int,4300725,3016347,1.4258
RV64IM_5SP,md5sum,3165316,2545544,1.2435
RV64IM_5SP,nettle-aes,5265973,4869827,1.0813
RV64IM_5SP,statemate,3633109,3300079,1.1009
RV64IM_6SP,crc32,5579648,4183740,1.3337
RV64IM_6SP,matmult-int,4318548,3016346,1.4317
RV64IM_6SP,md5sum,3219768,2545543,1.2649
RV64IM_6SP,nettle-aes,5298275,4869826,1.088
RV64IM_6SP,statemate,3859549,3300078,1.1695
RV64IM_7SP,crc32,6626856,4183740,1.584
RV64IM_7SP,matmult-int,4984130,3016346,1.6524
RV64IM_7SP,md5sum,4118828,2545543,1.6181
RV64IM_7SP,nettle-aes,5532365,4869826,1.136
RV64IM_7SP,statemate,4372375,3300078,1.3249
RV64IM_7SP_BRAM,crc32,6801967,4183740,1.6258
RV64IM_7SP_BRAM,matmult-int,5385336,3016346,1.7854
RV64IM_7SP_BRAM,md5sum,4210911,2545543,1.6542
RV64IM_7SP_BRAM,nettle-aes,5592571,4869826,1.1484
RV64IM_7SP_BRAM,statemate,5188238,3300078,1.5722
RV64IM_7SP_BRAM_Opt,crc32,7150953,4183727,1.7092
RV64IM_7SP_BRAM_Opt,matmult-int,5385664,3016333,1.7855
RV64IM_7SP_BRAM_Opt,md5sum,4364931,2545530,1.7147
RV64IM_7SP_BRAM_Opt,nettle-aes,5640656,4869813,1.1583
RV64IM_7SP_BRAM_Opt,statemate,5281455,3300065,1.6004
RV64IM_8SP,crc32,9242133,4183727,2.2091
RV64IM_8SP,matmult-int,5767638,3016333,1.9121
RV64IM_8SP,md5sum,5326498,2545530,2.0925
RV64IM_8SP,nettle-aes,6467090,4869813,1.328
RV64IM_8SP,statemate,7066343,3300065,2.1413
RV64IM_8SP_withoutOpt,crc32,8893118,4183727,2.1256
RV64IM_8SP_withoutOpt,matmult-int,5767281,3016333,1.912
RV64IM_8SP_withoutOpt,md5sum,5172449,2545530,2.032
RV64IM_8SP_withoutOpt,nettle-aes,6418976,4869813,1.3181
RV64IM_8SP_withoutOpt,statemate,6973097,3300065,2.113
RV64I_5SP,crc32,43005651,35344061,1.2168
RV64I_5SP,matmult-int,31994157,25061097,1.2766
RV64I_5SP,md5sum,2947978,2598542,1.1345
RV64I_5SP,nettle-aes,5526957,5212283,1.0604
RV64I_5SP,statemate,3633109,3300079,1.1009
