variant,core_clk,constraint_mhz,wns_ns,fmax_mhz,lut,lut_logic,lutram,ff,bram,dsp,io,pll,p_clocks,p_signals,p_logic,p_bram,p_dsp,p_pll,p_io,p_static,p_total,ok
RV32IM_5SP,clk_out1_clk_wiz_0_1,43.0,0.069,43.128,13983,9843,4140,2173,0,4,12,1,0.009,0.04,0.039,0.0,0.0,0.1,0.0,0.152,0.341,True
RV32IM_6SP,clk_out1_clk_wiz_0,50.0,0.028,50.070,14180,10040,4140,2464,0,4,12,1,0.012,0.033,0.038,0.0,0.0,0.099,0.001,0.152,0.335,True
RV32IM_7SP,clk_out1_clk_wiz_0,53.0,0.031,53.087,12089,7949,4140,2666,0,4,12,1,0.011,0.035,0.037,0.0,0.0,0.112,0.001,0.152,0.349,True
RV32IM_7SP_BRAM,clk_out1_clk_wiz_0,71.999,0.091,72.474,3113,3069,44,2222,10,4,12,1,0.01,0.007,0.003,0.014,0.0,0.113,0.002,0.152,0.302,True
RV32IM_7SP_BRAM_Opt,clk_out1_clk_wiz_0,90.001,0.200,91.651,2707,2663,44,1920,18,4,12,1,0.011,0.006,0.003,0.028,0.0,0.103,0.001,0.153,0.306,True
RV32IM_8SP,clk_out1_clk_wiz_0,119.048,0.149,121.197,2865,2821,44,2351,16,4,12,1,0.013,0.009,0.004,0.036,0.0,0.098,0.002,0.136,0.299,True
RV32IM_8SP_withoutOpt,clk_out1_clk_wiz_0,113.999,0.023,114.299,3332,3288,44,2595,16,4,12,1,0.014,0.013,0.005,0.04,0.0,0.117,0.002,0.153,0.345,True
RV32I_5SP,clk_out1_clk_wiz_0,45.0,0.006,45.013,13799,9659,4140,2039,0,0,12,1,0.012,0.035,0.031,0.0,0.0,0.103,0.001,0.152,0.333,True
RV64IM_5SP,clk_out1_clk_wiz_0,37.0,0.237,37.327,20979,12699,8280,3815,0,20,12,1,0.012,0.052,0.047,0.0,0.001,0.104,0.0,0.152,0.368,True
RV64IM_6SP,clk_out1_clk_wiz_0,44.001,0.166,44.324,22553,14273,8280,4320,0,20,12,1,0.017,0.069,0.057,0.0,0.0,0.101,0.001,0.152,0.397,True
RV64IM_7SP,clk_out1_clk_wiz_0,46.999,0.168,47.373,21320,13040,8280,4726,8,20,12,1,0.018,0.054,0.047,0.006,0.0,0.105,0.0,0.152,0.382,True
RV64IM_7SP_BRAM,clk_out1_clk_wiz_0,55.556,0.019,55.614,12339,12251,88,4665,24,20,12,1,0.014,0.02,0.016,0.019,0.0,0.098,0.001,0.153,0.322,True
RV64IM_7SP_BRAM_Opt,clk_out1_clk_wiz_0,83.077,-0.193,81.766,12021,11933,88,4186,24,20,12,1,0.02,0.021,0.013,0.026,0.0,0.113,0.002,0.153,0.348,True
RV64IM_8SP,clk_out1_clk_wiz_0,101.999,0.037,102.386,12666,12578,88,5144,24,20,12,1,0.023,0.028,0.018,0.032,0.0,0.11,0.002,0.153,0.366,True
RV64IM_8SP_withoutOpt,clk_out1_clk_wiz_0,95.997,0.074,96.684,9341,9253,88,5161,24,20,12,1,0.021,0.027,0.015,0.034,0.0,0.106,0.002,0.153,0.358,True
RV64I_5SP,clk_out1_clk_wiz_0,39.0,0.029,39.044,20550,12270,8280,3409,0,0,12,1,0.016,0.065,0.05,0.0,0.0,0.107,0.001,0.152,0.39,True
