variant,constraint_mhz,wns_ns,fmax_mhz,lut,bram
RV32I_5SP,45.00,0.137,45.28,13504,0
RV32IM_5SP,43.00,0.074,43.14,12559,0
RV32IM_6SP,50.00,0.028,50.07,14180,0
RV32IM_7SP,58.00,-0.005,57.98,10466,8
RV32IM_7SP_BRAM,72.00,0.091,72.47,3113,10
RV32IM_7SP_BRAM_Opt,90.91,0.092,91.68,2707,18
RV32IM_8SP_withoutOpt,114.00,0.023,114.30,3332,16
RV32IM_8SP,125.00,-0.223,121.61,2882,16
RV64I_5SP,40.00,0.052,40.08,20907,0
RV64IM_5SP,38.00,0.040,38.06,26460,0
RV64IM_6SP,45.00,0.053,45.11,26554,0
RV64IM_7SP,48.61,-0.242,48.05,21353,8
RV64IM_7SP_BRAM,55.00,0.239,55.73,12475,24
RV64IM_7SP_BRAM_Opt,84.00,0.003,84.02,8270,18
RV64IM_8SP_withoutOpt,96.00,-0.444,92.07,12393,24
RV64IM_8SP,100.00,0.160,101.63,10028,24
