variant,clock_mhz,coremarks_per_mhz,coremark_score,dmips_per_mhz,coremark_per_lut_core,coremark_per_lut_soc,dmips_per_lut_core,saif_total_w,saif_dyn_w,coremark_per_watt,energy_per_iteration_mJ,energy_dyn_per_iteration_mJ,iterations_per_sec
RV32IM_5SP,43.0,2.721,117.0,1.109,0.03113,0.00837,0.012686,0.372,0.22,314.52,3.179487,1.880342,117.0
RV32IM_6SP,50.0,2.5,125.0,1.072,0.03284,0.00882,0.014083,0.389,0.237,321.34,3.112,1.896,125.0
RV32IM_7SP,57.5,2.035,117.01,0.866,0.03714,0.0112,0.015803,0.371,0.219,315.4,3.17094,1.871795,117.0
RV32IM_7SP_BRAM,72.0,1.972,141.98,0.786,0.04454,0.04541,0.017752,0.335,0.182,423.83,2.359155,1.28169,142.0
RV32IM_7SP_BRAM_Opt,92.0,1.913,176.0,0.763,0.06684,0.06473,0.02666,0.323,0.171,544.88,1.835227,0.971591,176.0
RV32IM_8SP,122.0,1.639,199.96,0.654,0.06948,0.0697,0.027723,0.34,0.204,588.11,1.7,1.02,200.0
RV32IM_8SP_withoutOpt,114.0,1.456,165.98,0.671,0.05123,0.04982,0.023609,0.358,0.206,463.64,2.156627,1.240964,166.0
RV32I_5SP,45.0,1.111,49.99,1.105,0.01868,0.0037,0.018582,0.385,0.233,129.86,7.7,4.66,50.0
RV64IM_5SP,38.0,2.395,91.01,1.15,0.01098,0.00344,0.00527,0.383,0.231,237.62,4.208791,2.538462,91.0
RV64IM_6SP,45.0,2.222,99.99,1.107,0.01163,0.00377,0.005792,0.396,0.244,252.5,3.96,2.44,100.0
RV64IM_7SP,47.0,1.936,90.99,0.886,0.01222,0.00427,0.005591,0.402,0.249,226.35,4.417582,2.736264,91.0
RV64IM_7SP_BRAM,58.0,1.81,104.98,0.808,0.01396,0.00848,0.006232,0.415,0.262,252.96,3.952381,2.495238,105.0
RV64IM_7SP_BRAM_Opt,80.952381,1.754,141.99,0.784,0.02181,0.01178,0.009751,0.498,0.344,285.12,3.507042,2.422535,142.0
RV64IM_8SP,102.0,1.5,153.0,0.669,0.02192,0.01208,0.009775,0.333,0.18,459.46,2.176471,1.176471,153.0
RV64IM_8SP_withoutOpt,92.0,1.543,141.96,0.687,0.01804,0.01161,0.008033,0.42,0.267,337.99,2.957746,1.880282,142.0
RV64I_5SP,37.5,0.933,34.99,1.145,0.0062,0.00142,0.007606,0.422,0.27,82.91,12.057143,7.714286,35.0
