_v,_b,_img,_done,cycles,retired,branch,jump,load,store,mul,div,bit0_cycles,bit1_cycles,bit2_cycles,bit3_cycles,bit4_cycles,bit5_cycles,bit6_cycles,bit7_cycles,bit8_cycles,bit9_cycles,bit10_cycles,bit0_events,bit1_events,bit2_events,bit3_events,bit4_events,bit5_events,bit6_events,bit7_events,bit8_events,bit9_events,bit10_events
socs_RV32I_5SP,dhrystone,dhrystone_RV32I_45MHz.mem,True,11784284,10000001,1557744,548913,1920385,1648595,0,0,343225,3,3,3,0,0,3,3,0,0,0,343225,3,3,3,0,0,3,3,0,0,0
socs_RV32I_5SP,coremark,coremark_RV32I_45MHz.mem,True,13015844,10000000,2725194,371585,778046,204964,0,0,1136331,5,5,5,0,0,5,5,0,0,0,1136331,5,5,5,0,0,5,5,0,0,0
socs_RV32IM_5SP,dhrystone,dhrystone_RV32IM_42.5MHz.mem,True,12603054,10000001,1426641,540284,2062112,1770075,24544,24555,270161,982159,982159,982159,0,0,982159,982159,0,859425,73632,270161,49102,49102,49102,0,0,49102,49102,0,24555,24544
socs_RV32IM_5SP,coremark,coremark_RV32IM_42.5MHz.mem,True,13337958,10000001,1758320,274706,1970153,523589,338353,1,717542,1353453,1353453,1353453,0,0,1353453,1353453,0,35,1015059,717542,338359,338359,338359,0,0,338359,338359,0,1,338353
socs_RV32IM_6SP,dhrystone,dhrystone_RV32IM_50MHz.mem,True,13045316,10000001,1426641,540284,2062112,1770075,24544,24555,270161,1154259,1154259,1154259,0,982159,982159,982159,172100,859425,73632,270161,221202,221202,221202,0,49102,49102,49102,172100,24555,24544
socs_RV32IM_6SP,coremark,coremark_RV32IM_50MHz.mem,True,14805298,10000001,1758320,274706,1970153,523589,338353,1,717542,2103250,2103250,2103250,0,1354033,1354033,1354033,749217,35,1015059,717542,1088142,1088142,1088142,0,338939,338939,338939,749217,1,338353
socs_RV32IM_7SP,dhrystone,dhrystone_RV32IM_100MHz.mem,True,16144624,10000001,1426641,540284,2062112,1770075,24544,24555,270161,1154259,1154259,1154259,0,982159,982159,982159,172100,859425,73632,270161,221202,221202,221202,0,49102,49102,49102,172100,24555,24544
socs_RV32IM_7SP,coremark,coremark_RV32IM_100MHz.mem,True,17759931,10000001,1758322,274706,1970153,523587,338353,1,717543,2102683,2102683,2102683,0,1353466,1353466,1353466,749217,35,1015059,717543,1087576,1087576,1087576,0,338372,338372,338372,749217,1,338353
socs_RV32IM_7SP_BRAM,dhrystone,dhrystone_RV32IM_100MHz.mem,True,17792010,10000001,1426641,540284,2062112,1770075,24544,24555,270171,2924370,2924370,2924370,0,2752270,2752270,2752270,221188,859460,73632,245618,1942188,1942188,1942188,0,1819176,1819176,1819176,172100,24556,24544
socs_RV32IM_7SP_BRAM,coremark,coremark_RV32IM_72MHz.mem,True,18415657,10000001,1758322,274706,1970153,523587,338353,1,766381,2626306,2626306,2626306,0,1877089,1877089,1877089,793921,35,1015086,738348,1566450,1566450,1566450,0,861950,861950,861950,749217,1,338362
socs_RV32IM_7SP_BRAM_Opt,dhrystone,dhrystone_RV32IM_100MHz.mem,True,18332260,10000001,1426641,540284,2062112,1770075,24544,24555,270171,2924336,2924336,2924336,0,2752233,2752233,2752233,221188,859425,73632,245618,1942189,1942189,1942189,0,1819176,1819176,1819176,172100,24555,24544
socs_RV32IM_7SP_BRAM_Opt,coremark,coremark_RV32IM_90MHz.mem,True,18690297,10000001,1758321,274706,1970153,523587,338353,1,766381,2626248,2626248,2626248,0,1877031,1877031,1877031,793921,35,1015059,738348,1566450,1566450,1566450,0,861937,861937,861937,749217,1,338353
socs_RV32IM_8SP,dhrystone,dhrystone_RV32IM_100MHz.mem,True,21379447,10000000,1426641,540284,2062112,1770074,24544,24555,270170,5185622,5185622,5185622,2752234,2752234,2752234,2752234,3734550,859425,73632,245618,3807898,3807898,3807898,1819177,1819177,1819177,1819177,2482327,24555,24544
socs_RV32IM_8SP,coremark,coremark_RV32IM_100MHz.mem,True,22404374,10000001,1758322,274706,1970153,523587,338353,1,767017,5325577,5325577,5325577,1877455,1877455,1877455,1877455,3913199,35,1015059,738560,3442534,3442534,3442534,862361,862361,862361,862361,2937894,1,338353
socs_RV32IM_8SP_withoutOpt,dhrystone,dhrystone_RV32IM_100MHz.mem,True,20839194,10000000,1426641,540284,2062112,1770074,24544,24555,270170,5185653,5185653,5185653,2752270,2752270,2752270,2752270,3611683,859460,73632,245618,3807897,3807897,3807897,1819176,1819176,1819176,1819176,2359460,24556,24544
socs_RV32IM_8SP_withoutOpt,coremark,coremark_RV32IM_100MHz.mem,True,22129713,10000001,1758322,274706,1970153,523587,338353,1,767017,5325620,5325620,5325620,1877500,1877500,1877500,1877500,3750806,35,1015086,738560,3442534,3442534,3442534,862361,862361,862361,862361,2775501,1,338362
socs_RV64I_5SP,dhrystone,dhrystone_RV64I_40MHz.mem,True,11918396,10000001,1559720,575434,1821525,1607080,0,0,383761,1,1,1,0,0,1,1,0,0,0,383761,1,1,1,0,0,1,1,0,0,0
socs_RV64I_5SP,coremark,coremark_RV64I_40MHz.mem,True,12933217,10000000,2647941,315922,627214,163084,0,0,1150680,6,6,6,0,0,6,6,0,0,0,1150680,6,6,6,0,0,6,6,0,0,0
socs_RV64IM_5SP,dhrystone,dhrystone_RV64IM_38MHz.mem,True,12790556,10000000,1422019,568398,1962881,1731694,25822,25833,310048,1033661,1033661,1033661,0,0,1033661,1033661,0,904539,77466,310048,51656,51656,51656,0,0,51656,51656,0,25833,25822
socs_RV64IM_5SP,coremark,coremark_RV64IM_38MHz.mem,True,12845919,10000001,1515196,237358,1660286,434184,281977,1,621622,1127950,1127950,1127950,0,0,1127950,1127950,0,35,845931,621622,281984,281984,281984,0,0,281984,281984,0,1,281977
socs_RV64IM_6SP,dhrystone,dhrystone_RV64IM_44.92754.mem,True,13281651,10000000,1422019,568398,1962881,1731694,25822,25833,310048,1214707,1214707,1214707,0,1033661,1033661,1033661,181046,904539,77466,310048,232702,232702,232702,0,51656,51656,51656,181046,25833,25822
socs_RV64IM_6SP,coremark,coremark_RV64IM_44.92754MHz.mem,True,14116173,10000001,1515196,237358,1660286,434184,281977,1,621622,1776581,1776581,1776581,0,1128466,1128466,1128466,648115,35,845931,621622,930585,930585,930585,0,282500,282500,282500,648115,1,281977
socs_RV64IM_7SP,dhrystone,dhrystone_RV64IM_49MHz.mem,True,16591053,10000000,1422019,568398,1962881,1731694,25822,25833,310048,1214707,1214707,1214707,0,1033661,1033661,1033661,181046,904539,77466,310048,232702,232702,232702,0,51656,51656,51656,181046,25833,25822
socs_RV64IM_7SP,coremark,coremark_RV64IM_49MHz.mem,True,16712848,10000001,1515196,237358,1660287,434182,281977,1,621622,1776095,1776095,1776095,0,1127980,1127980,1127980,648115,35,845931,621622,930099,930099,930099,0,282014,282014,282014,648115,1,281977
socs_RV64IM_7SP_BRAM,dhrystone,dhrystone_RV64IM_52MHz.mem,True,18193618,10000000,1422019,568398,1962881,1731694,25822,25833,310048,2946401,2946401,2946401,0,2765355,2765355,2765355,232690,904539,77466,284219,1912752,1912752,1912752,0,1783350,1783350,1783350,181046,25833,25822
socs_RV64IM_7SP_BRAM,coremark,coremark_RV64IM_52MHz.mem,True,17271020,10000001,1515196,237358,1660286,434182,281977,1,667474,2210277,2210277,2210277,0,1562162,1562162,1562162,685826,35,845931,642949,1326570,1326570,1326570,0,716196,716196,716196,648115,1,281977
socs_RV64IM_7SP_BRAM_Opt,dhrystone,dhrystone_RV64IM_84MHz.mem,True,18762015,10000000,1422019,568398,1962881,1731694,25822,25833,310048,2946401,2946401,2946401,0,2765355,2765355,2765355,232690,904539,77466,284219,1912752,1912752,1912752,0,1783350,1783350,1783350,181046,25833,25822
socs_RV64IM_7SP_BRAM_Opt,coremark,coremark_RV64IM_80MHz.mem,True,17508339,10000001,1515196,237358,1660286,434182,281977,1,667474,2210246,2210246,2210246,0,1562131,1562131,1562131,685826,35,845931,642949,1326569,1326569,1326569,0,716165,716165,716165,648115,1,281977
socs_RV64IM_8SP,dhrystone,dhrystone.mem,True,21992379,10000000,1422019,568398,1962881,1731694,25822,25833,310046,5324154,5324154,5324154,2765355,2765355,2765355,2765355,3953720,904539,77466,284218,3849936,3849936,3849936,1783350,1783350,1783350,1783350,2636127,25833,25822
socs_RV64IM_8SP,coremark,coremark.mem,True,20909384,10000001,1515196,237358,1660291,434182,281977,1,670414,4714259,4714259,4714259,1562496,1562496,1562496,1562496,3548741,35,845931,645525,3095354,3095354,3095354,716530,716530,716530,716530,2715522,1,281977
socs_RV64IM_8SP_withoutOpt,dhrystone,dhrystone.mem,True,21423982,10000000,1422019,568398,1962881,1731694,25822,25833,310046,5324154,5324154,5324154,2765355,2765355,2765355,2765355,3798635,904539,77466,284218,3849936,3849936,3849936,1783350,1783350,1783350,1783350,2481042,25833,25822
socs_RV64IM_8SP_withoutOpt,coremark,coremark_RV64IM_96MHz.mem,True,20672026,10000001,1515196,237358,1660291,434182,281977,1,670414,4714257,4714257,4714257,1562496,1562496,1562496,1562496,3410761,35,845931,645525,3095354,3095354,3095354,716530,716530,716530,716530,2577542,1,281977
