RV64I_5SP	coremark	38	330	/home/khwl/Desktop/RV-IM100/RV-IM100_RTL/project_files/RV64s/SoCs/RV64I5SP_SoC/RV64I59F_5SP_FPGA.xpr	/home/khwl/Desktop/RV-IM100/RV-IM100_RTL/project_files/RV64s/SoCs/RV64I5SP_SoC/RV64I59F_5SP_FPGA.srcs/sources_1/imports/RV64I59F_5SP/Instruction_Memory.v	/home/khwl/Desktop/RV-IM100/RV-IM100_RTL/project_files/RV64s/SoCs/RV64I5SP_SoC/RV64I59F_5SP_FPGA.srcs/sources_1/imports/RV64s/coremark_RV64I_38MHz.mem	coremark_RV64I_38MHz.mem	coremark_RV64I_40MHz.mem
RV64IM_7SP	coremark	48	417	/home/khwl/Desktop/RV-IM100/RV-IM100_RTL/project_files/RV64s/SoCs/RV64IM_7SP/RV64IM72F_7SP_FPGA.xpr	/home/khwl/Desktop/RV-IM100/RV-IM100_RTL/project_files/RV64s/SoCs/RV64IM_7SP/RV64IM72F_7SP_FPGA.srcs/sources_1/imports/FPGA_SoC/modules/Instruction_Memory.v	/home/khwl/Desktop/RV-IM100/RV-IM100_RTL/project_files/RV64s/SoCs/RV64IM_7SP/RV64IM72F_7SP_FPGA.srcs/sources_1/imports/benchmarks/dhrystones/coremark_RV64IM_48MHz.mem	coremark_RV64IM_48MHz.mem	dhrystone_RV64IM_48.61111.mem
RV64IM_7SP_BRAM	dhrystone	56	486	/home/khwl/Desktop/RV-IM100/RV-IM100_RTL/project_files/RV64s/SoCs/RV64IM_7SP_BRAM/RV64IM72F_7SP_FPGA.xpr	/home/khwl/Desktop/RV-IM100/RV-IM100_RTL/project_files/RV64s/SoCs/RV64IM_7SP_BRAM/RV64IM72F_7SP_FPGA.srcs/sources_1/imports/FPGA_SoC/modules/Instruction_Memory.v	/home/khwl/Desktop/RV-IM100/RV-IM100_RTL/project_files/RV64s/SoCs/RV64IM_7SP_BRAM/RV64IM72F_7SP_FPGA.srcs/sources_1/imports/RV64s/dhrystone_RV64IM_56MHz.mem	dhrystone_RV64IM_56MHz.mem	dhrystone_RV64IM_55MHz.mem
RV64IM_8SP	dhrystone	100	868	/home/khwl/Desktop/RV-IM100/RV-IM100_RTL/project_files/RV64s/SoCs/RV64IM_8SP/RV64IM72F_8SP_100MHz.xpr	/home/khwl/Desktop/RV-IM100/RV-IM100_RTL/project_files/RV64s/SoCs/RV64IM_8SP/RV64IM72F_8SP_100MHz.srcs/sources_1/imports/100MHz_RV64IM72F_8SP/modules/Instruction_Memory.v	/home/khwl/Desktop/RV-IM100/RV-IM100_RTL/project_files/RV64s/SoCs/RV64IM_8SP/RV64IM72F_8SP_100MHz.srcs/sources_1/imports/100MHz_RV64IM72F_8SP/benchmarks/dhrystone_100MHz.mem	dhrystone_100MHz.mem	coremark_100MHz.mem
RV64IM_8SP_withoutOpt	dhrystone	92	799	/home/khwl/Desktop/RV-IM100/RV-IM100_RTL/project_files/RV64s/SoCs/RV64IM_8SP_withoutOpt/RV64IM_8SP_withoutOpt.xpr	/home/khwl/Desktop/RV-IM100/RV-IM100_RTL/project_files/RV64s/SoCs/RV64IM_8SP_withoutOpt/RV64IM_8SP_withoutOpt.srcs/sources_1/imports/modules/Instruction_Memory.v	/home/khwl/Desktop/RV-IM100/RV-IM100_RTL/project_files/RV64s/SoCs/RV64IM_8SP_withoutOpt/RV64IM_8SP_withoutOpt.srcs/sources_1/imports/Coremark_baremetal/dhrystone_RV64IM_92MHz.mem	dhrystone_RV64IM_92MHz.mem	coremark_RV64IM_96MHz.mem
RV64IM_8SP_withoutOpt	coremark	92	799	/home/khwl/Desktop/RV-IM100/RV-IM100_RTL/project_files/RV64s/SoCs/RV64IM_8SP_withoutOpt/RV64IM_8SP_withoutOpt.xpr	/home/khwl/Desktop/RV-IM100/RV-IM100_RTL/project_files/RV64s/SoCs/RV64IM_8SP_withoutOpt/RV64IM_8SP_withoutOpt.srcs/sources_1/imports/modules/Instruction_Memory.v	/home/khwl/Desktop/RV-IM100/RV-IM100_RTL/project_files/RV64s/SoCs/RV64IM_8SP_withoutOpt/RV64IM_8SP_withoutOpt.srcs/sources_1/imports/Coremark_baremetal/coremark_RV64IM_92MHz.mem	coremark_RV64IM_92MHz.mem	coremark_RV64IM_96MHz.mem
RV32IM_7SP	dhrystone	52	451	/home/khwl/Desktop/RV-IM100/RV-IM100_RTL/project_files/RV32s/SoCs/RV32IM_7SP/RV64IM72F_7SP_FPGA.xpr	/home/khwl/Desktop/RV-IM100/RV-IM100_RTL/project_files/RV32s/SoCs/RV32IM_7SP/RV64IM72F_7SP_FPGA.srcs/sources_1/imports/FPGA_SoC/modules/Instruction_Memory.v	/home/khwl/Desktop/RV-IM100/RV-IM100_RTL/project_files/RV32s/SoCs/RV32IM_7SP/RV64IM72F_7SP_FPGA.srcs/sources_1/imports/dhrystones/dhrystone_RV32IM_52MHz.mem	dhrystone_RV32IM_52MHz.mem	dhrystone_RV32IM_50MHz.mem
RV32IM_7SP	coremark	57	495	/home/khwl/Desktop/RV-IM100/RV-IM100_RTL/project_files/RV32s/SoCs/RV32IM_7SP/RV64IM72F_7SP_FPGA.xpr	/home/khwl/Desktop/RV-IM100/RV-IM100_RTL/project_files/RV32s/SoCs/RV32IM_7SP/RV64IM72F_7SP_FPGA.srcs/sources_1/imports/FPGA_SoC/modules/Instruction_Memory.v	/home/khwl/Desktop/RV-IM100/RV-IM100_RTL/project_files/RV32s/SoCs/RV32IM_7SP/RV64IM72F_7SP_FPGA.srcs/sources_1/imports/dhrystones/coremark_RV32IM_57MHz.mem	coremark_RV32IM_57MHz.mem	dhrystone_RV32IM_50MHz.mem
RV32IM_8SP	dhrystone	121	1050	/home/khwl/Desktop/RV-IM100/RV-IM100_RTL/project_files/RV32s/SoCs/RV32IM_8SP/RV64IM72F_8SP_100MHz.xpr	/home/khwl/Desktop/RV-IM100/RV-IM100_RTL/project_files/RV32s/SoCs/RV32IM_8SP/RV64IM72F_8SP_100MHz.srcs/sources_1/imports/100MHz_RV64IM72F_8SP/modules/Instruction_Memory.v	/home/khwl/Desktop/RV-IM100/RV-IM100_RTL/project_files/RV32s/SoCs/RV32IM_8SP/RV64IM72F_8SP_100MHz.srcs/sources_1/imports/coremarks/dhrystone_RV32IM_121MHz.mem	dhrystone_RV32IM_121MHz.mem	coremark_RV32IM_125MHz.mem
RV32IM_8SP	coremark	121	1050	/home/khwl/Desktop/RV-IM100/RV-IM100_RTL/project_files/RV32s/SoCs/RV32IM_8SP/RV64IM72F_8SP_100MHz.xpr	/home/khwl/Desktop/RV-IM100/RV-IM100_RTL/project_files/RV32s/SoCs/RV32IM_8SP/RV64IM72F_8SP_100MHz.srcs/sources_1/imports/100MHz_RV64IM72F_8SP/modules/Instruction_Memory.v	/home/khwl/Desktop/RV-IM100/RV-IM100_RTL/project_files/RV32s/SoCs/RV32IM_8SP/RV64IM72F_8SP_100MHz.srcs/sources_1/imports/coremarks/coremark_RV32IM_121MHz.mem	coremark_RV32IM_121MHz.mem	coremark_RV32IM_125MHz.mem
