variant,bench,pll_MHz,image,elf_rebuilt_matches,window_us,start_cycle,end_cycle,instret_start,instret_end,top_functions
RV32IM_5SP,coremark,43.0,coremark_RV32IM_43MHz.mem,True,1200-1300,48590,52890,39013,42509,core_bench_list 100%
RV32IM_5SP,dhrystone,43.0,dhrystone_RV32IM_43MHz.mem,True,1200-1300,48590,52890,39614,43046,strcpy 39%; main 16%; Proc_1 15%; strcmp 15%
RV32IM_6SP,coremark,50.0,coremark_RV32IM_50MHz.mem,True,1200-1300,56500,61500,36411,39522,core_bench_list 100%
RV32IM_6SP,dhrystone,51.515,dhrystone_RV32IM_51.515152MHz.mem,True,1200-1300,58211,63363,45632,49621,strcpy 39%; main 16%; Proc_1 15%; strcmp 14%
RV32IM_7SP_BRAM,coremark,71.999,coremark_RV32IM_72MHz.mem,True,1200-1300,81358,88558,37488,40566,core_bench_list 100%
RV32IM_7SP_BRAM,dhrystone,71.999,dhrystone_RV32IM_72MHz.mem,True,1200-1300,81358,88558,43876,47925,strcpy 39%; Proc_1 16%; main 16%; strcmp 14%
RV32IM_7SP_BRAM_Opt,coremark,92.0,coremark_RV32IM_92MHz.mem,True,1200-1300,103960,113160,48763,54193,matrix_mul_matrix 93%; matrix_test 5%; crc16 3%
RV32IM_7SP_BRAM_Opt,dhrystone,90.909,dhrystone_RV32IM_90.909091MHz.mem,True,1200-1300,102727,111818,54392,59359,strcpy 38%; main 16%; Proc_1 16%; strcmp 14%
RV32IM_7SP,coremark,57.501,coremark_RV32IM_57.5MHz.mem,True,1200-1300,64976,70726,31844,34438,core_bench_list 100%
RV32IM_7SP,dhrystone,53.0,dhrystone_RV32IM_53MHz.mem,True,1200-1300,59890,65190,35796,39072,strcpy 38%; Proc_1 16%; main 16%; strcmp 14%
RV32IM_8SP,coremark,122.0,coremark_RV32IM_122MHz.mem,True,1200-1300,137860,150060,55163,61482,matrix_mul_matrix_bitextract 94%; matrix_test 3%; crc16 2%
RV32IM_8SP,dhrystone,122.0,dhrystone_RV32IM_122MHz.mem,True,1200-1300,137860,150060,62825,68535,strcpy 39%; main 16%; Proc_1 16%; strcmp 14%
RV32IM_8SP_withoutOpt,coremark,113.999,coremark_RV32IM_114MHz.mem,False,1200-1300,128818,140218,50841,56899,matrix_mul_matrix 64%; matrix_mul_matrix_bitextract 23%; matrix_test 11%; crc16 2%
RV32IM_8SP_withoutOpt,dhrystone,113.999,dhrystone_RV32IM_114MHz.mem,True,1200-1300,128818,140218,59978,65468,strcpy 39%; main 16%; Proc_1 16%; strcmp 15%
RV32I_5SP,coremark,45.0,coremark_RV32I_45MHz.mem,True,1200-1300,50850,55350,40719,44389,core_bench_list 100%
RV32I_5SP,dhrystone,45.0,dhrystone_RV32I_45MHz.mem,True,1200-1300,50850,55350,43668,47470,strcpy 34%; main 16%; Proc_1 15%; strcmp 13%
RV64IM_5SP,coremark,38.0,coremark_RV64IM_38MHz.mem,True,1200-1300,42940,46740,34534,37610,core_bench_list 100%
RV64IM_5SP,dhrystone,37.0,dhrystone_RV64IM_37MHz.mem,True,1200-1300,41810,45510,32802,35670,strcpy 41%; main 18%; Proc_1 14%; strcmp 11%
RV64IM_6SP,coremark,45.0,coremark_RV64IM_45MHz.mem,True,1200-1300,50850,55350,33062,35894,core_bench_list 100%
RV64IM_6SP,dhrystone,44.001,dhrystone_RV64IM_44MHz.mem,True,1200-1300,49721,54121,37442,40738,strcpy 41%; main 18%; Proc_1 14%; strcmp 11%
RV64IM_7SP_BRAM,coremark,58.0,coremark_RV64IM_58MHz.mem,True,1200-1300,65540,71340,30744,33283,core_bench_list 100%
RV64IM_7SP_BRAM,dhrystone,58.001,dhrystone_RV64IM_58MHz.mem,True,1200-1300,65541,71341,34707,37890,strcpy 39%; main 17%; Proc_1 16%; strcmp 11%
RV64IM_7SP_BRAM_Opt,coremark,80.952380952,coremark_RV64IM_80.952381MHz.mem,True,1200-1300,91476,99571,41718,46239,core_bench_list 44%; crcu16 37%; calc_func 11%; core_list_mergesort 6%
RV64IM_7SP_BRAM_Opt,dhrystone,80.952,dhrystone_RV64IM_80.952381MHz.mem,True,1200-1300,91475,99570,47521,51827,strcpy 40%; main 18%; Proc_1 15%; strcmp 11%
RV64IM_7SP,coremark,46.999,coremark_RV64IM_47MHz.mem,True,1200-1300,53108,57808,26609,28746,core_bench_list 100%
RV64IM_7SP,dhrystone,48.611111111,dhrystone_RV64IM_48.611111MHz.mem,True,1200-1300,54930,59791,31955,34863,strcpy 39%; main 18%; Proc_1 15%; strcmp 11%
RV64IM_8SP,coremark,101.999,coremark_RV64IM_102MHz.mem,True,1200-1300,115258,125458,43067,48602,matrix_test 42%; crcu16 30%; core_bench_list 11%; calc_func 10%
RV64IM_8SP,dhrystone,101.999,dhrystone_RV64IM_102MHz.mem,True,1200-1300,115258,125458,51164,55801,strcpy 40%; main 17%; Proc_1 14%; strcmp 11%
RV64IM_8SP_withoutOpt,coremark,91.996,coremark_RV64IM_92MHz.mem,True,1200-1300,103955,113155,39263,42557,core_bench_list 100%
RV64IM_8SP_withoutOpt,dhrystone,95.997,dhrystone_RV64IM_96MHz.mem,True,1200-1300,108476,118076,49332,53788,strcpy 39%; main 18%; Proc_1 15%; strcmp 11%
RV64I_5SP,coremark,37.5,coremark_RV64I_37.5MHz.mem,True,1200-1300,42375,46125,33887,36959,core_bench_list 100%
RV64I_5SP,dhrystone,39.0,dhrystone_RV64I_39MHz.mem,True,1200-1300,44070,47970,37036,40304,strcpy 38%; main 17%; Proc_1 13%; strcmp 11%
