variant,bench,method,toggling_pct,uart_delta,vect_total,vect_dyn,saif_total,saif_dyn,saif_static,dyn_delta_pct
RV32IM_5SP,coremark,final,70.31,0,0.341,0.189,0.372,0.22,0.152,16.4
RV32IM_5SP,dhrystone,final,72.0,0,0.341,0.189,0.366,0.214,0.152,13.2
RV32IM_6SP,coremark,final,70.16,0,0.335,0.183,0.389,0.237,0.152,29.5
RV32IM_6SP,dhrystone,final,72.11,0,0.335,0.183,0.386,0.234,0.152,27.9
RV32IM_7SP_BRAM_Opt,coremark,final,60.27,0,0.314,0.161,0.337,0.184,0.153,14.3
RV32IM_7SP_BRAM_Opt,dhrystone,final,59.83,0,0.314,0.161,0.345,0.192,0.153,19.3
RV32IM_7SP_BRAM,coremark,final,50.06,0,0.319,0.166,0.335,0.182,0.153,9.6
RV32IM_7SP_BRAM,dhrystone,final,60.45,0,0.319,0.166,0.332,0.18,0.153,8.4
RV32IM_7SP,coremark,final,66.17,0,0.349,0.197,0.371,0.219,0.152,11.2
RV32IM_7SP,dhrystone,final,71.01,0,0.349,0.197,0.358,0.206,0.152,4.6
RV32IM_8SP,coremark,final,39.65,0,0.299,0.163,0.332,0.196,0.136,20.2
RV32IM_8SP,dhrystone,final,39.9,0,0.299,0.163,0.335,0.199,0.136,22.1
RV32IM_8SP_withoutOpt,coremark,final,62.84,0,0.345,0.192,0.358,0.206,0.153,7.3
RV32IM_8SP_withoutOpt,dhrystone,final,60.05,0,0.345,0.192,0.37,0.217,0.153,13.0
RV32I_5SP,coremark,final,73.01,0,0.333,0.181,0.385,0.233,0.152,28.7
RV32I_5SP,dhrystone,final,74.68,0,0.333,0.181,0.376,0.224,0.152,23.8
RV64IM_5SP,coremark,final,67.72,0,0.368,0.216,0.383,0.231,0.152,6.9
RV64IM_5SP,dhrystone,final,63.51,0,0.368,0.216,0.366,0.214,0.152,-0.9
RV64IM_6SP,coremark,final,67.24,0,0.397,0.245,0.396,0.244,0.152,-0.4
RV64IM_6SP,dhrystone,final,64.0,0,0.397,0.245,0.394,0.242,0.152,-1.2
RV64IM_7SP_BRAM_Opt,coremark,final,62.58,0,0.348,0.195,0.499,0.346,0.154,77.4
RV64IM_7SP_BRAM_Opt,dhrystone,final,39.91,0,0.342,0.19,0.372,0.219,0.153,15.3
RV64IM_7SP_BRAM,coremark,final,56.84,0,0.322,0.169,0.377,0.224,0.153,32.5
RV64IM_7SP_BRAM,dhrystone,final,52.01,0,0.322,0.169,0.397,0.244,0.153,44.4
RV64IM_7SP,coremark,final,62.85,0,0.382,0.23,0.402,0.249,0.153,8.3
RV64IM_7SP,dhrystone,final,63.44,0,0.382,0.23,0.428,0.275,0.153,19.6
RV64IM_8SP,coremark,final,23.74,0,0.349,0.196,0.333,0.18,0.153,-8.2
RV64IM_8SP,dhrystone,final,53.91,0,0.349,0.196,0.426,0.273,0.153,39.3
RV64IM_8SP_withoutOpt,coremark,final,51.99,0,0.358,0.205,0.42,0.267,0.153,30.2
RV64IM_8SP_withoutOpt,dhrystone,final,52.25,0,0.358,0.205,0.41,0.257,0.153,25.4
RV64I_5SP,coremark,final,70.62,0,0.39,0.238,0.422,0.27,0.152,13.4
RV64I_5SP,dhrystone,final,71.96,0,0.39,0.238,0.404,0.252,0.152,5.9
