variant,bench,p_clocks,p_logic,p_signals,p_bram,p_pll,p_dsp,p_io,p_static,p_total,below_1mW,p_dynamic_sum,residual
RV32IM_5SP,coremark,0.01,0.044,0.064,,0.1,0.0,0.002,0.152,0.372,,0.22,0.0
RV32IM_5SP,dhrystone,0.01,0.039,0.064,,0.1,0.0,0.002,0.152,0.366,,0.215,-0.001
RV32IM_6SP,coremark,0.012,0.051,0.072,,0.099,0.0,0.003,0.152,0.389,,0.237,0.0
RV32IM_6SP,dhrystone,0.012,0.047,0.073,,0.099,0.0,0.002,0.152,0.386,,0.233,0.001
RV32IM_7SP_BRAM_Opt,coremark,0.01,0.009,0.017,0.03,0.103,0.0,0.002,0.152,0.323,DSPs,0.171,0.0
RV32IM_7SP_BRAM_Opt,dhrystone,0.011,0.008,0.018,0.049,0.103,0.0,0.003,0.153,0.345,,0.192,-0.0
RV32IM_7SP_BRAM,coremark,0.011,0.007,0.017,0.031,0.113,0.0,0.003,0.153,0.335,,0.182,0.0
RV32IM_7SP_BRAM,dhrystone,0.011,0.007,0.017,0.029,0.113,0.0,0.002,0.153,0.332,,0.179,0.0
RV32IM_7SP,coremark,0.012,0.034,0.059,,0.112,0.0,0.003,0.152,0.371,,0.22,-0.001
RV32IM_7SP,dhrystone,0.012,0.027,0.053,,0.112,0.0,0.002,0.152,0.358,,0.206,0.0
RV32IM_8SP,coremark,0.014,0.009,0.019,0.037,0.122,0.0,0.002,0.136,0.34,DSPs,0.203,0.001
RV32IM_8SP,dhrystone,0.015,0.011,0.023,0.048,0.122,0.0,0.003,0.136,0.359,,0.222,0.001
RV32IM_8SP_withoutOpt,coremark,0.013,0.011,0.024,0.037,0.117,0.0,0.003,0.153,0.358,DSPs,0.205,-0.0
RV32IM_8SP_withoutOpt,dhrystone,0.014,0.012,0.026,0.045,0.117,0.0,0.003,0.153,0.37,,0.217,0.0
RV32I_5SP,coremark,0.012,0.039,0.076,,0.103,,0.003,0.152,0.385,,0.233,0.0
RV32I_5SP,dhrystone,0.012,0.028,0.078,,0.103,,0.002,0.152,0.376,,0.223,0.001
RV64IM_5SP,coremark,0.013,0.036,0.076,,0.104,0.0,0.002,0.152,0.383,,0.231,0.0
RV64IM_5SP,dhrystone,0.012,0.026,0.07,,0.104,0.0,0.002,0.152,0.366,,0.214,0.0
RV64IM_6SP,coremark,0.017,0.035,0.089,,0.101,0.0,0.003,0.152,0.396,,0.245,-0.001
RV64IM_6SP,dhrystone,0.017,0.033,0.089,,0.101,0.0,0.002,0.152,0.394,,0.242,0.0
RV64IM_7SP_BRAM_Opt,coremark,0.021,0.082,0.091,0.035,0.113,0.0,0.003,0.154,0.499,DSPs,0.345,-0.0
RV64IM_7SP_BRAM_Opt,dhrystone,0.021,0.019,0.032,0.026,0.117,0.0,0.004,0.153,0.372,,0.219,0.0
RV64IM_7SP_BRAM,coremark,0.015,0.046,0.057,0.023,0.118,0.0,0.002,0.153,0.415,DSPs,0.261,0.001
RV64IM_7SP_BRAM,dhrystone,0.014,0.052,0.055,0.023,0.098,0.0,0.002,0.153,0.397,,0.244,0.0
RV64IM_7SP,coremark,0.019,0.037,0.081,0.006,0.105,0.0,0.002,0.153,0.402,,0.25,-0.001
RV64IM_7SP,dhrystone,0.019,0.052,0.092,0.007,0.105,0.0,0.002,0.153,0.428,,0.277,-0.002
RV64IM_8SP,coremark,0.024,0.0,0.001,0.045,0.11,0.0,0.0,0.153,0.333,Slice Logic;I/O,0.18,0.0
RV64IM_8SP,dhrystone,0.022,0.042,0.056,0.04,0.11,0.0,0.003,0.153,0.426,,0.273,-0.0
RV64IM_8SP_withoutOpt,coremark,0.022,0.037,0.057,0.041,0.106,0.0,0.004,0.153,0.42,,0.267,-0.0
RV64IM_8SP_withoutOpt,dhrystone,0.021,0.034,0.056,0.038,0.106,0.0,0.003,0.153,0.41,,0.258,-0.001
RV64I_5SP,coremark,0.017,0.047,0.097,,0.107,,0.002,0.152,0.422,,0.27,-0.0
RV64I_5SP,dhrystone,0.017,0.031,0.095,,0.107,,0.002,0.152,0.404,,0.252,0.0
