variant,image,measured,constraint_mhz,wns_ns,fmax_mhz,lut,lutram,ff,bram,dsp,io,pll,p_clocks,p_signals,p_logic,p_bram,p_dsp,p_pll,p_io,p_static,core_clk
RV32IM_5SP,coremark_RV32IM_43MHz.mem,2026-09-09,43.0,0.069,43.128,13983,4140,2173,0,4,12,1,0.009,0.04,0.039,0.0,0.0,0.1,0.0,0.152,clk_out1_clk_wiz_0_1
RV32IM_6SP,dhrystone_RV32IM_50MHz.mem,2026-09-09,50.0,0.485,51.243,12386,4140,2453,0,4,12,1,0.011,0.026,0.032,0.0,0.0,0.099,0.001,0.152,clk_out1_clk_wiz_0
RV32IM_7SP,dhrystone_RV32IM_50MHz.mem,2026-09-09,50.0,0.877,52.293,11953,4140,2694,0,4,12,1,0.011,0.032,0.036,0.0,0.0,0.099,0.001,0.152,clk_out1_clk_wiz_0
RV32IM_7SP_BRAM,coremark_RV32IM_72MHz.mem,2026-09-09,71.999,0.014,72.072,3127,44,2222,16,4,12,1,0.011,0.008,0.004,0.028,0.0,0.113,0.002,0.152,clk_out1_clk_wiz_0
RV32IM_7SP_BRAM_Opt,coremark_RV32IM_90MHz.mem,2026-09-09,90.001,0.050,90.408,2726,44,1920,24,4,12,1,0.011,0.006,0.003,0.038,0.0,0.103,0.001,0.153,clk_out1_clk_wiz_0
RV32IM_8SP,coremark_RV32IM_125MHz.mem,2026-09-09,125.0,-0.223,121.610,2882,44,2355,16,4,12,1,0.013,0.01,0.004,0.038,0.0,0.101,0.002,0.152,clk_out1_clk_wiz_0
RV32IM_8SP_withoutOpt,coremark_RV32IM_114MHz.mem,2026-09-09,113.999,0.023,114.299,3332,44,2595,16,4,12,1,0.014,0.013,0.005,0.04,0.0,0.117,0.002,0.153,clk_out1_clk_wiz_0
RV32I_5SP,dhrystone_RV32I_45MHz.mem,2026-09-09,45.0,0.006,45.013,13799,4140,2039,0,0,12,1,0.012,0.035,0.031,0.0,0.0,0.103,0.001,0.152,clk_out1_clk_wiz_0
RV64IM_5SP,dhrystone_RV64IM_38MHz.mem,2026-09-09,38.0,-0.094,37.864,22333,8280,3955,0,20,12,1,0.013,0.066,0.052,0.0,0.001,0.105,0.0,0.152,clk_out1_clk_wiz_0
RV64IM_6SP,dhrystone_RV64IM_45MHz.mem,2026-09-09,45.0,-0.207,44.585,22798,8280,4321,0,20,12,1,0.017,0.066,0.058,0.0,0.0,0.103,0.001,0.152,clk_out1_clk_wiz_0
RV64IM_7SP,dhrystone_RV64IM_48.61111.mem,2026-09-09,48.612,0.013,48.643,19680,8280,4584,0,20,12,1,0.017,0.063,0.056,0.0,0.0,0.101,0.0,0.152,clk_out1_clk_wiz_0
RV64IM_7SP_BRAM,dhrystone_RV64IM_55MHz.mem,2026-09-09,54.999,0.401,56.240,9048,88,4378,24,20,12,1,0.012,0.014,0.009,0.019,0.0,0.098,0.001,0.153,clk_out1_clk_wiz_0
RV64IM_7SP_BRAM_Opt,coremark_RV64IM_83MHz.mem,2026-09-09,83.077,0.004,83.105,12034,88,4186,24,20,12,1,0.019,0.022,0.015,0.03,0.0,0.113,0.002,0.153,clk_out1_clk_wiz_0
RV64IM_8SP,coremark_100MHz.mem,2026-09-09,100.0,0.064,100.644,12718,88,5034,24,20,12,0,0.024,0.025,0.017,0.031,0.0,0.0,0.002,0.153,sys_clk_pin
RV64I_5SP,coremark_RV64I_40MHz.mem,2026-09-09,40.0,-0.695,38.918,24987,8280,3250,0,0,12,1,0.016,0.108,0.073,0.0,0.0,0.098,0.0,0.152,clk_out1_clk_wiz_0
