variant,bench,source,saif_total,saif_dynamic,saif_static,saif_clocks,saif_signals,saif_logic,saif_bram,saif_dsp,saif_pll,saif_io,vectorless_total,vectorless_dynamic,dyn_vs_vectorless_pct,core_attributable_dyn,core_instance_dyn,core_instance_dyn_excl_mem,nets_matched,nets_total,coverage_pct,core_toggle_count,window_cycles,window_instret,window_functions,core_toggles_vs_sibling,valid
RV32IM_5SP,coremark,v1 capture re-costed on final impl,0.372,0.22,0.152,0.01,0.064,0.044,0.0,0.0,0.1,0.002,0.341,0.189,16.4,0.118,0.118,0.11,18439,24223,76.1,67511435,48590-52890,39013-42509,core_bench_list 100%,1.199,ok
RV32IM_5SP,dhrystone,v1 capture re-costed on final impl,0.337,0.186,0.152,0.009,0.053,0.022,0.0,0.0,0.1,0.002,0.306,0.155,20.0,0.084,0.084,0.074,13953,21197,65.8,56297501,48590-52890,39614-43046,strcpy 39%; main 16%; Proc_1 15%; strcmp 15%,0.834,ok
RV32IM_6SP,coremark,v1 capture re-costed on final impl,0.389,0.237,0.152,0.012,0.072,0.051,0.0,0.0,0.099,0.003,0.335,0.183,29.5,0.135,0.135,0.126,19003,24753,76.8,76904657,56500-61500,36411-39522,core_bench_list 100%,1.121,ok
RV32IM_6SP,dhrystone,v1 capture re-costed on final impl,0.386,0.234,0.152,0.013,0.072,0.03,0.0,0.0,0.116,0.002,0.361,0.209,12.0,0.116,0.115,0.099,14225,23574,60.3,68583523,58211-63363,45632-49621,strcpy 39%; main 16%; Proc_1 15%; strcmp 14%,0.892,ok
RV32IM_7SP_BRAM_Opt,coremark,v1 capture re-costed on final impl,0.323,0.171,0.152,0.01,0.017,0.009,0.03,0.0,0.103,0.002,0.313,0.16,6.9,0.066,0.065,0.034,4822,6085,79.2,18527266,103960-113160,48763-54193,matrix_mul_matrix 93%; matrix_test 5%; crc16 3%,1.071,ok
RV32IM_7SP_BRAM_Opt,dhrystone,v1 capture re-costed on final impl,0.321,0.169,0.152,0.013,0.017,0.008,0.02,0.0,0.109,0.003,0.303,0.151,11.9,0.057,0.055,0.033,4791,6093,78.6,17296910,102727-111818,54392-59359,strcpy 38%; main 16%; Proc_1 16%; strcmp 14%,0.934,ok
RV32IM_7SP_BRAM,coremark,v1 capture re-costed on final impl,0.335,0.182,0.153,0.011,0.017,0.007,0.031,0.0,0.113,0.003,0.319,0.166,9.6,0.066,0.066,0.034,5323,6865,77.5,12501723,81358-88558,37488-40566,core_bench_list 100%,0.915,ok
RV32IM_7SP_BRAM,dhrystone,v1 capture re-costed on final impl,0.316,0.163,0.152,0.01,0.015,0.007,0.016,0.0,0.113,0.002,0.302,0.15,8.7,0.048,0.047,0.031,5322,6863,77.5,13669900,81358-88558,43876-47925,strcpy 39%; Proc_1 16%; main 16%; strcmp 14%,1.093,ok
RV32IM_7SP,coremark,v1 capture re-costed on final impl,0.364,0.212,0.152,0.013,0.055,0.03,0.008,0.0,0.103,0.003,0.319,0.167,26.9,0.106,0.105,0.088,15688,19645,79.9,63312768,64976-70726,31844-34438,core_bench_list 100%,1.106,ok
RV32IM_7SP,dhrystone,v1 capture re-costed on final impl,0.358,0.206,0.152,0.012,0.053,0.027,0.0,0.0,0.112,0.002,0.349,0.197,4.6,0.092,0.092,0.079,13292,21420,62.1,57242558,59890-65190,35796-39072,strcpy 38%; Proc_1 16%; main 16%; strcmp 14%,0.904,ok
RV32IM_8SP,coremark,v1 capture re-costed on final impl,0.34,0.204,0.136,0.014,0.019,0.009,0.037,0.0,0.122,0.002,0.328,0.191,6.8,0.08,0.079,0.041,5297,6733,78.7,19268018,137860-150060,55163-61482,matrix_mul_matrix_bitextract 94%; matrix_test 3%; crc16 2%,0.831,ok
RV32IM_8SP,dhrystone,v1 capture re-costed on final impl,0.359,0.223,0.136,0.015,0.023,0.011,0.048,0.0,0.122,0.003,0.328,0.191,16.8,0.098,0.097,0.047,5297,6733,78.7,23180515,137860-150060,62825-68535,strcpy 39%; main 16%; Proc_1 16%; strcmp 14%,1.203,ok
RV32IM_8SP_withoutOpt,coremark,v1 capture re-costed on final impl,0.358,0.206,0.153,0.013,0.024,0.011,0.037,0.0,0.117,0.003,0.345,0.192,7.3,0.086,0.086,0.048,5935,7493,79.2,22246803,128818-140218,50841-56899,matrix_mul_matrix 64%; matrix_mul_matrix_bitextract 23%; matrix_test 11%; crc16 2%,0.964,ok
RV32IM_8SP_withoutOpt,dhrystone,v1 capture re-costed on final impl,0.37,0.217,0.153,0.014,0.026,0.012,0.045,0.0,0.117,0.003,0.345,0.192,13.0,0.097,0.096,0.05,5935,7493,79.2,23088126,128818-140218,59978-65468,strcpy 39%; main 16%; Proc_1 16%; strcmp 15%,1.038,ok
RV32I_5SP,coremark,v1 capture re-costed on final impl,0.393,0.241,0.152,0.011,0.074,0.051,0.0,0.0,0.103,0.003,0.349,0.197,22.3,0.135,0.135,0.127,16612,22615,73.5,69268514,50850-55350,40719-44389,core_bench_list 100%,1.305,ok
RV32I_5SP,dhrystone,v1 capture re-costed on final impl,0.376,0.224,0.152,0.012,0.078,0.028,0.0,0.0,0.103,0.002,0.333,0.181,23.8,0.119,0.118,0.103,11534,21458,53.8,53083364,50850-55350,43668-47470,strcpy 34%; main 16%; Proc_1 15%; strcmp 13%,0.766,ok
RV64IM_5SP,coremark,v1 capture re-costed on final impl,0.427,0.274,0.152,0.015,0.095,0.057,0.0,0.0,0.105,0.002,0.414,0.262,4.6,0.167,0.166,0.119,35852,45254,79.2,123606146,42940-46740,34534-37610,core_bench_list 100%,1.617,ok
RV64IM_5SP,dhrystone,v1 capture re-costed on final impl,0.366,0.214,0.152,0.012,0.07,0.026,0.0,0.0,0.104,0.002,0.368,0.216,-0.9,0.108,0.108,0.099,27792,37317,74.5,76439041,41810-45510,32802-35670,strcpy 41%; main 18%; Proc_1 14%; strcmp 11%,0.618,ok
RV64IM_6SP,coremark,v1 capture re-costed on final impl,0.429,0.277,0.152,0.019,0.098,0.054,0.0,0.0,0.103,0.003,0.406,0.254,9.1,0.171,0.171,0.126,36590,45877,79.8,144105230,50850-55350,33062-35894,core_bench_list 100%,1.618,ok
RV64IM_6SP,dhrystone,v1 capture re-costed on final impl,0.394,0.242,0.152,0.017,0.089,0.033,0.0,0.0,0.101,0.002,0.397,0.245,-1.2,0.139,0.139,0.126,28918,39269,73.6,89037325,49721-54121,37442-40738,strcpy 41%; main 18%; Proc_1 14%; strcmp 11%,0.618,ok
RV64IM_7SP_BRAM_Opt,coremark,v2 capture on final impl,0.483,0.33,0.154,0.02,0.081,0.073,0.036,0.0,0.117,0.003,0.358,0.205,61.0,0.21,0.209,0.169,15362,24000,64.0,66082788,91476-99571,41718-46239,core_bench_list 44%; crcu16 37%; calc_func 11%; core_list_mergesort 6%,2.887,ok
RV64IM_7SP_BRAM_Opt,dhrystone,v1 capture re-costed on final impl,0.359,0.206,0.153,0.017,0.027,0.015,0.026,0.0,0.117,0.004,0.338,0.185,11.4,0.085,0.085,0.057,11804,17482,67.5,22887890,91475-99570,47521-51827,strcpy 40%; main 18%; Proc_1 15%; strcmp 11%,0.346,ok
RV64IM_7SP_BRAM,coremark,v1 capture re-costed on final impl,0.415,0.262,0.153,0.015,0.057,0.046,0.023,0.0,0.118,0.002,0.342,0.189,38.6,0.142,0.141,0.116,17746,25067,70.8,62974309,65540-71340,30744-33283,core_bench_list 100%,2.393,ok
RV64IM_7SP_BRAM,dhrystone,v1 capture re-costed on final impl,0.369,0.216,0.153,0.013,0.034,0.025,0.024,0.0,0.118,0.002,0.331,0.178,21.3,0.096,0.095,0.07,12462,18725,66.6,26316362,65541-71341,34707-37890,strcpy 39%; main 17%; Proc_1 16%; strcmp 11%,0.418,ok
RV64IM_7SP,coremark,v1 capture re-costed on final impl,0.402,0.249,0.153,0.019,0.081,0.037,0.006,0.0,0.105,0.002,0.382,0.23,8.3,0.142,0.142,0.121,32833,40382,81.3,107018209,53108-57808,26609-28746,core_bench_list 100%,1.22,ok
RV64IM_7SP,dhrystone,v1 capture re-costed on final impl,0.377,0.225,0.152,0.018,0.075,0.029,0.0,0.0,0.101,0.002,0.401,0.249,-9.6,0.122,0.122,0.104,27664,36685,75.4,87688191,54930-59791,31955-34863,strcpy 39%; main 18%; Proc_1 15%; strcmp 11%,0.819,ok
RV64IM_8SP,coremark,v2 capture on final impl,0.497,0.343,0.154,0.024,0.088,0.077,0.041,0.0,0.11,0.003,0.366,0.213,61.0,0.23,0.23,0.185,18075,26072,69.3,105722307,115258-125458,43067-48602,matrix_test 42%; crcu16 30%; core_bench_list 11%; calc_func 10%,2.164,ok
RV64IM_8SP,dhrystone,v1 capture re-costed on final impl,0.409,0.255,0.153,0.021,0.051,0.039,0.032,0.0,0.11,0.003,0.353,0.2,27.5,0.142,0.142,0.108,9520,18974,50.2,48850766,115258-125458,51164-55801,strcpy 40%; main 17%; Proc_1 14%; strcmp 11%,0.462,ok
RV64IM_8SP_withoutOpt,coremark,v1 capture re-costed on final impl,0.515,0.361,0.154,0.025,0.098,0.092,0.039,0.0,0.103,0.004,0.389,0.236,53.0,0.254,0.253,0.151,19022,25584,74.4,116489465,103955-113155,39263-42557,core_bench_list 100%,2.625,ok
RV64IM_8SP_withoutOpt,dhrystone,v1 capture re-costed on final impl,0.41,0.257,0.153,0.021,0.056,0.034,0.038,0.0,0.106,0.003,0.358,0.205,25.4,0.148,0.147,0.107,13500,19617,68.8,44381034,108476-118076,49332-53788,strcpy 39%; main 18%; Proc_1 15%; strcmp 11%,0.381,ok
RV64I_5SP,coremark,v1 capture re-costed on final impl,0.44,0.288,0.152,0.014,0.109,0.065,0.0,0.0,0.098,0.002,0.423,0.271,6.3,0.188,0.188,0.176,31534,38867,81.1,90778160,42375-46125,33887-36959,core_bench_list 100%,1.079,ok
RV64I_5SP,dhrystone,v1 capture re-costed on final impl,0.406,0.254,0.152,0.017,0.097,0.031,0.0,0.0,0.107,0.002,0.39,0.238,6.7,0.145,0.145,0.13,24495,33094,74.0,84117814,44070-47970,37036-40304,strcpy 38%; main 17%; Proc_1 13%; strcmp 11%,0.927,ok
