variant,benchmark,xpr,mem_image,clock_mhz,baud_div,ref_wns,ref_lut
RV32IM_5SP,coremark,RV32s/SoCs/RV32IM_5SP_Coremark/RV64IM72F_5SP_FPGA.xpr,coremark_RV32IM_43MHz.mem,43.0,373,0.069,13983
RV32IM_6SP,coremark,RV32s/SoCs/RV32IM_6SP_Coremark/RV64IM72F_6SP.xpr,coremark_RV32IM_50MHz.mem,50.0,434,0.028,14180
RV32IM_7SP_BRAM,coremark,RV32s/SoCs/RV32IM_7SP_BRAM_Coremark/RV64IM72F_7SP_FPGA.xpr,coremark_RV32IM_72MHz.mem,72.000000,625,0.014,3127
RV32IM_7SP_BRAM_Opt,coremark,RV32s/SoCs/RV32IM_7SP_BRAM_Opt_Coremark/RV64IM72F_7SP_BRAM_Final_1431.xpr,coremark_RV32IM_92MHz.mem,92.000000000,799,0.05,2726
RV32IM_7SP,coremark,RV32s/SoCs/RV32IM_7SP_Coremark/RV64IM72F_7SP_FPGA.xpr,coremark_RV32IM_57.5MHz.mem,57.500000,499,0.032,10450
RV32IM_8SP,coremark,RV32s/SoCs/RV32IM_8SP_Coremark/RV64IM72F_8SP_100MHz.xpr,coremark_RV32IM_122MHz.mem,122.000000000,1059,0.149,2865
RV32IM_8SP_withoutOpt,coremark,RV32s/SoCs/RV32IM_8SP_withoutOpt_Coremark/RV32IM_8SP_withoutOpt.xpr,coremark_RV32IM_114MHz.mem,114.000000,990,0.023,3332
RV32I_5SP,coremark,RV32s/SoCs/RV32I_5SP_Coremark/RV32I46F5SP_MMIO_Dhrystone.xpr,coremark_RV32I_45MHz.mem,45.0,391,0.137,13504
RV32IM_5SP,dhrystone,RV32s/SoCs/RV32IM_5SP_Dhry/RV64IM72F_5SP_FPGA.xpr,dhrystone_RV32IM_43MHz.mem,43.0,373,0.074,12559
RV32IM_6SP,dhrystone,RV32s/SoCs/RV32IM_6SP_Dhry/RV64IM72F_6SP.xpr,dhrystone_RV32IM_51.515152MHz.mem,51.515152,447,0.04,13704
RV32IM_7SP_BRAM,dhrystone,RV32s/SoCs/RV32IM_7SP_BRAM_Dhry/RV64IM72F_7SP_FPGA.xpr,dhrystone_RV32IM_72MHz.mem,72.000000,625,0.091,3113
RV32IM_7SP_BRAM_Opt,dhrystone,RV32s/SoCs/RV32IM_7SP_BRAM_Opt_Dhry/RV64IM72F_7SP_BRAM_Final_1431.xpr,dhrystone_RV32IM_90.909091MHz.mem,90.909091,789,0.092,2707
RV32IM_7SP,dhrystone,RV32s/SoCs/RV32IM_7SP_Dhry/RV64IM72F_7SP_FPGA.xpr,dhrystone_RV32IM_53MHz.mem,53.0,460,0.031,12089
RV32IM_8SP,dhrystone,RV32s/SoCs/RV32IM_8SP_Dhry/RV64IM72F_8SP_100MHz.xpr,dhrystone_RV32IM_122MHz.mem,122.000000000,1059,0.149,2865
RV32IM_8SP_withoutOpt,dhrystone,RV32s/SoCs/RV32IM_8SP_withoutOpt_Dhry/RV32IM_8SP_withoutOpt.xpr,dhrystone_RV32IM_114MHz.mem,114.000000,990,0.023,3332
RV32I_5SP,dhrystone,RV32s/SoCs/RV32I_5SP_Dhry/RV32I46F5SP_MMIO_Dhrystone.xpr,dhrystone_RV32I_45MHz.mem,45.0,391,0.016,13801
RV64IM_5SP,coremark,RV64s/SoCs/RV64IM_5SP_Coremark/RV64IM72F_5SP_FPGA.xpr,coremark_RV64IM_38MHz.mem,38.0,330,0.04,26460
RV64IM_6SP,coremark,RV64s/SoCs/RV64IM_6SP_Coremark/RV64IM72F_6SP.xpr,coremark_RV64IM_45MHz.mem,45.0,391,0.053,26554
RV64IM_7SP_BRAM,coremark,RV64s/SoCs/RV64IM_7SP_BRAM_Coremark/RV64IM72F_7SP_FPGA.xpr,coremark_RV64IM_58MHz.mem,58.000000000,503,0.019,12339
RV64IM_7SP_BRAM_Opt,coremark,RV64s/SoCs/RV64IM_7SP_BRAM_Opt_Coremark/RV64IM72F_7SP_BRAM_Final_1431.xpr,coremark_RV64IM_80.952381MHz.mem,80.952381,703,0.007,12015
RV64IM_7SP,coremark,RV64s/SoCs/RV64IM_7SP_Coremark/RV64IM72F_7SP_FPGA.xpr,coremark_RV64IM_47MHz.mem,47.000000,408,0.168,21320
RV64IM_8SP,coremark,RV64s/SoCs/RV64IM_8SP_Coremark/RV64IM72F_8SP_100MHz.xpr,coremark_RV64IM_102MHz.mem,102.000000,885,0.037,12666
RV64IM_8SP_withoutOpt,coremark,RV64s/SoCs/RV64IM_8SP_withoutOpt_Coremark/RV64IM_8SP_withoutOpt.xpr,coremark_RV64IM_92MHz.mem,92.000000,799,0.055,12232
RV64I_5SP,coremark,RV64s/SoCs/RV64I_5SP_Coremark/RV64I59F_5SP_FPGA.xpr,coremark_RV64I_37.5MHz.mem,37.5,326,0.149,24685
RV64IM_5SP,dhrystone,RV64s/SoCs/RV64IM_5SP_Dhry/RV64IM72F_5SP_FPGA.xpr,dhrystone_RV64IM_37MHz.mem,37.0,321,0.237,20979
RV64IM_6SP,dhrystone,RV64s/SoCs/RV64IM_6SP_Dhry/RV64IM72F_6SP.xpr,dhrystone_RV64IM_44MHz.mem,44.000000,382,0.166,22553
RV64IM_7SP_BRAM,dhrystone,RV64s/SoCs/RV64IM_7SP_BRAM_Dhry/RV64IM72F_7SP_FPGA.xpr,dhrystone_RV64IM_58MHz.mem,58.000000,503,0.143,9049
RV64IM_7SP_BRAM_Opt,dhrystone,RV64s/SoCs/RV64IM_7SP_BRAM_Opt_Dhry/RV64IM72F_7SP_BRAM_Final_1431.xpr,dhrystone_RV64IM_80.952381MHz.mem,80.952381,703,0.004,8769
RV64IM_7SP,dhrystone,RV64s/SoCs/RV64IM_7SP_Dhry/RV64IM72F_7SP_FPGA.xpr,dhrystone_RV64IM_48.611111MHz.mem,48.611111,422,0.013,19680
RV64IM_8SP,dhrystone,RV64s/SoCs/RV64IM_8SP_Dhry/RV64IM72F_8SP_100MHz.xpr,dhrystone_RV64IM_102MHz.mem,102.000000,885,0.093,8569
RV64IM_8SP_withoutOpt,dhrystone,RV64s/SoCs/RV64IM_8SP_withoutOpt_Dhry/RV64IM_8SP_withoutOpt.xpr,dhrystone_RV64IM_96MHz.mem,96.000000,833,0.074,9341
RV64I_5SP,dhrystone,RV64s/SoCs/RV64I_5SP_Dhry/RV64I59F_5SP_FPGA.xpr,dhrystone_RV64I_39MHz.mem,39.0,339,0.11,20570
