variant,benchmark,xpr,mem_image,clock_mhz,baud_div,wns_ns,fmax_mhz,lut,ff,bram,dsp,vectorless_dyn_w,saif_dyn_w,saif_total_w,toggling_pct
RV32IM_5SP,coremark,RV32s/SoCs/RV32IM_5SP_Coremark/RV64IM72F_5SP_FPGA.xpr,coremark_RV32IM_43MHz.mem,43.0,373,0.069,43.128,13983,2173,0,4,0.189,0.22,0.372,70.31
RV32IM_6SP,coremark,RV32s/SoCs/RV32IM_6SP_Coremark/RV64IM72F_6SP.xpr,coremark_RV32IM_50MHz.mem,50.0,434,0.028,50.070,14180,2464,0,4,0.183,0.237,0.389,70.16
RV32IM_7SP_BRAM,coremark,RV32s/SoCs/RV32IM_7SP_BRAM_Coremark/RV64IM72F_7SP_FPGA.xpr,coremark_RV32IM_72MHz.mem,71.999,625,0.014,72.073,3127,2222,16,4,0.166,0.182,0.335,50.06
RV32IM_7SP_BRAM_Opt,coremark,RV32s/SoCs/RV32IM_7SP_BRAM_Opt_Coremark/RV64IM72F_7SP_BRAM_Final_1431.xpr,coremark_RV32IM_90MHz.mem,90.001,781,0.076,90.620,2705,1920,24,4,0.17,0.183,0.335,60.27
RV32IM_7SP,coremark,RV32s/SoCs/RV32IM_7SP_Coremark/RV64IM72F_7SP_FPGA.xpr,coremark_RV32IM_57.5MHz.mem,57.501,499,0.032,57.606,10450,2693,8,4,0.197,0.219,0.371,66.17
RV32IM_8SP,coremark,RV32s/SoCs/RV32IM_8SP_Coremark/RV64IM72F_8SP_100MHz.xpr,coremark_RV32IM_122MHz.mem,122.000000000,1059,0.012,122.179,2869,2351,16,4,0.191,0.204,0.34,61.79
RV32IM_8SP_withoutOpt,coremark,RV32s/SoCs/RV32IM_8SP_withoutOpt_Coremark/RV32IM_8SP_withoutOpt.xpr,coremark_RV32IM_114MHz.mem,113.999,990,0.023,114.300,3332,2595,16,4,0.192,0.206,0.358,62.84
RV32I_5SP,coremark,RV32s/SoCs/RV32I_5SP_Coremark/RV32I46F5SP_MMIO_Dhrystone.xpr,coremark_RV32I_45MHz.mem,45.0,391,0.137,45.279,13504,1666,0,0,0.181,0.233,0.385,73.01
RV32IM_5SP,dhrystone,RV32s/SoCs/RV32IM_5SP_Dhry/RV64IM72F_5SP_FPGA.xpr,dhrystone_RV32IM_43MHz.mem,43.0,373,0.074,43.137,12559,2160,0,4,0.189,0.214,0.366,72.0
RV32IM_6SP,dhrystone,RV32s/SoCs/RV32IM_6SP_Dhry/RV64IM72F_6SP.xpr,dhrystone_RV32IM_51.515152MHz.mem,51.515151515,447,0.002,51.520,14338,2426,0,4,0.209,0.234,0.386,72.11
RV32IM_7SP_BRAM,dhrystone,RV32s/SoCs/RV32IM_7SP_BRAM_Dhry/RV64IM72F_7SP_FPGA.xpr,dhrystone_RV32IM_72MHz.mem,71.999,625,0.091,72.475,3113,2222,10,4,0.166,0.18,0.332,60.45
RV32IM_7SP_BRAM_Opt,dhrystone,RV32s/SoCs/RV32IM_7SP_BRAM_Opt_Dhry/RV64IM72F_7SP_BRAM_Final_1431.xpr,dhrystone_RV32IM_90.909091MHz.mem,90.909090909,789,0.092,91.676,2707,1920,18,4,0.16,0.179,0.332,59.83
RV32IM_7SP,dhrystone,RV32s/SoCs/RV32IM_7SP_Dhry/RV64IM72F_7SP_FPGA.xpr,dhrystone_RV32IM_53MHz.mem,53.0,460,0.031,53.087,12089,2666,0,4,0.197,0.206,0.358,71.01
RV32IM_8SP,dhrystone,RV32s/SoCs/RV32IM_8SP_Dhry/RV64IM72F_8SP_100MHz.xpr,dhrystone_RV32IM_122MHz.mem,122.000000000,1059,0.012,122.179,2869,2351,16,4,0.191,0.223,0.359,60.76
RV32IM_8SP_withoutOpt,dhrystone,RV32s/SoCs/RV32IM_8SP_withoutOpt_Dhry/RV32IM_8SP_withoutOpt.xpr,dhrystone_RV32IM_114MHz.mem,113.999,990,0.023,114.300,3332,2595,16,4,0.192,0.217,0.37,60.05
RV32I_5SP,dhrystone,RV32s/SoCs/RV32I_5SP_Dhry/RV32I46F5SP_MMIO_Dhrystone.xpr,dhrystone_RV32I_45MHz.mem,45.0,391,0.006,45.012,13799,2039,0,0,0.181,0.224,0.376,74.68
RV64IM_5SP,coremark,RV64s/SoCs/RV64IM_5SP_Coremark/RV64IM72F_5SP_FPGA.xpr,coremark_RV64IM_38MHz.mem,38.0,330,0.04,38.058,26460,3995,0,20,0.216,0.231,0.383,67.72
RV64IM_6SP,coremark,RV64s/SoCs/RV64IM_6SP_Coremark/RV64IM72F_6SP.xpr,coremark_RV64IM_45MHz.mem,45.0,391,0.053,45.108,26554,4496,0,20,0.245,0.244,0.396,67.24
RV64IM_7SP_BRAM,coremark,RV64s/SoCs/RV64IM_7SP_BRAM_Coremark/RV64IM72F_7SP_FPGA.xpr,coremark_RV64IM_58MHz.mem,58.000000000,503,0.174,58.591,12378,4664,24,20,0.189,0.262,0.415,63.8
RV64IM_7SP_BRAM_Opt,coremark,RV64s/SoCs/RV64IM_7SP_BRAM_Opt_Coremark/RV64IM72F_7SP_BRAM_Final_1431.xpr,coremark_RV64IM_80.952381MHz.mem,80.952380952,703,0.003,80.972,12052,4174,24,20,0.205,0.344,0.498,62.58
RV64IM_7SP,coremark,RV64s/SoCs/RV64IM_7SP_Coremark/RV64IM72F_7SP_FPGA.xpr,coremark_RV64IM_47MHz.mem,46.999,408,0.168,47.374,21320,4726,8,20,0.23,0.249,0.402,62.85
RV64IM_8SP,coremark,RV64s/SoCs/RV64IM_8SP_Coremark/RV64IM72F_8SP_100MHz.xpr,coremark_RV64IM_102MHz.mem,101.999,885,0.037,102.386,12666,5144,24,20,0.196,0.18,0.333,23.74
RV64IM_8SP_withoutOpt,coremark,RV64s/SoCs/RV64IM_8SP_withoutOpt_Coremark/RV64IM_8SP_withoutOpt.xpr,coremark_RV64IM_92MHz.mem,91.996,799,0.055,92.468,12232,5354,24,20,0.205,0.267,0.42,51.99
RV64I_5SP,coremark,RV64s/SoCs/RV64I_5SP_Coremark/RV64I59F_5SP_FPGA.xpr,coremark_RV64I_37.5MHz.mem,37.5,326,0.149,37.711,24685,2834,0,0,0.238,0.27,0.422,70.62
RV64IM_5SP,dhrystone,RV64s/SoCs/RV64IM_5SP_Dhry/RV64IM72F_5SP_FPGA.xpr,dhrystone_RV64IM_37MHz.mem,37.0,321,0.237,37.327,20979,3815,0,20,0.216,0.214,0.366,63.51
RV64IM_6SP,dhrystone,RV64s/SoCs/RV64IM_6SP_Dhry/RV64IM72F_6SP.xpr,dhrystone_RV64IM_44MHz.mem,44.001,382,0.166,44.324,22553,4320,0,20,0.245,0.242,0.394,64.0
RV64IM_7SP_BRAM,dhrystone,RV64s/SoCs/RV64IM_7SP_BRAM_Dhry/RV64IM72F_7SP_FPGA.xpr,dhrystone_RV64IM_58MHz.mem,58.001,503,0.143,58.485,9049,4378,24,20,0.169,0.244,0.397,52.01
RV64IM_7SP_BRAM_Opt,dhrystone,RV64s/SoCs/RV64IM_7SP_BRAM_Opt_Dhry/RV64IM72F_7SP_BRAM_Final_1431.xpr,dhrystone_RV64IM_80.952381MHz.mem,80.952380952,703,0.006,80.992,8277,3921,18,20,0.185,0.206,0.359,39.91
RV64IM_7SP,dhrystone,RV64s/SoCs/RV64IM_7SP_Dhry/RV64IM72F_7SP_FPGA.xpr,dhrystone_RV64IM_48.611111MHz.mem,48.611111111,422,0.012,48.639,19578,4567,0,20,0.249,0.225,0.377,63.44
RV64IM_8SP,dhrystone,RV64s/SoCs/RV64IM_8SP_Dhry/RV64IM72F_8SP_100MHz.xpr,dhrystone_RV64IM_102MHz.mem,101.999,885,0.093,102.977,8569,4896,18,20,0.196,0.273,0.426,53.91
RV64IM_8SP_withoutOpt,dhrystone,RV64s/SoCs/RV64IM_8SP_withoutOpt_Dhry/RV64IM_8SP_withoutOpt.xpr,dhrystone_RV64IM_96MHz.mem,95.997,833,0.074,96.687,9341,5161,24,20,0.205,0.257,0.41,52.25
RV64I_5SP,dhrystone,RV64s/SoCs/RV64I_5SP_Dhry/RV64I59F_5SP_FPGA.xpr,dhrystone_RV64I_39MHz.mem,39.0,339,0.108,39.165,20540,3430,0,0,0.238,0.254,0.406,71.96
