RV32IM_5SP_Coremark	coremark_RV32IM_43MHz.mem	43	43000000	8744dd8a19a5a0605cfc3f9af4ed9251	8744dd8a19a5a0605cfc3f9af4ed9251	MATCH
RV32IM_5SP_Dhry	dhrystone_RV32IM_43MHz.mem	43	43000000	16da96ebd364ecc1c1c59d3aa84ff2b3	16da96ebd364ecc1c1c59d3aa84ff2b3	MATCH
RV32IM_6SP_Coremark	coremark_RV32IM_50MHz.mem	50.000	50000000	2529d6b09790f13e9fab6cc57bf98ef8	2529d6b09790f13e9fab6cc57bf98ef8	MATCH
RV32IM_6SP_Dhry	dhrystone_RV32IM_51.515152MHz.mem	51.515	51515152	a59ca1aa187ad98912a7a328b5ab8e57	a59ca1aa187ad98912a7a328b5ab8e57	MATCH
RV32IM_7SP_BRAM_Coremark	coremark_RV32IM_72MHz.mem	71.999	72000000	efa844630c78ff79d26d0c9f6b160032	efa844630c78ff79d26d0c9f6b160032	MATCH
RV32IM_7SP_BRAM_Dhry	dhrystone_RV32IM_72MHz.mem	71.999	72000000	0b87e4b17565720dd5ab7c956181d7c4	0b87e4b17565720dd5ab7c956181d7c4	MATCH
RV32IM_7SP_BRAM_Opt_Coremark	coremark_RV32IM_92MHz.mem	92.000000000	92000000	20479b530b631e4e6173e9544a431371	20479b530b631e4e6173e9544a431371	MATCH
RV32IM_7SP_BRAM_Opt_Dhry	dhrystone_RV32IM_90.909091MHz.mem	90.909	90909091	ec21ea7f4aa0cd99b2a7c35f5694a77a	ec21ea7f4aa0cd99b2a7c35f5694a77a	MATCH
RV32IM_7SP_Coremark	coremark_RV32IM_57.5MHz.mem	57.501	57500000	9344335a02f91faf9d0e256bc34746f9	9344335a02f91faf9d0e256bc34746f9	MATCH
RV32IM_7SP_Dhry	dhrystone_RV32IM_53MHz.mem	53.0	53000000	188b761fc7d15b61c3821f665d6b1e64	188b761fc7d15b61c3821f665d6b1e64	MATCH
RV32IM_8SP_Coremark	coremark_RV32IM_122MHz.mem	122.000000000	122000000	01368e3023427d11e23455020e2f1d50	01368e3023427d11e23455020e2f1d50	MATCH
RV32IM_8SP_Dhry	dhrystone_RV32IM_122MHz.mem	122.000000000	122000000	0750db400673a381bb3b2d24945ff929	0750db400673a381bb3b2d24945ff929	MATCH
RV32IM_8SP_withoutOpt_Coremark	coremark_RV32IM_114MHz.mem	113.999	114000000	bb5eaffde5d2a37a5c8852dab961c145	1e6ec5c92ea1ca7a9b22ca308eb78942	DIFF
RV32IM_8SP_withoutOpt_Dhry	dhrystone_RV32IM_114MHz.mem	113.999	114000000	5a3c07d41ed3d8d6bad01979d6a3bce2	5a3c07d41ed3d8d6bad01979d6a3bce2	MATCH
RV32I_5SP_Coremark	coremark_RV32I_45MHz.mem	45	45000000	b9ef64d091d50a4ab81c80ccc6c19534	b9ef64d091d50a4ab81c80ccc6c19534	MATCH
RV32I_5SP_Dhry	dhrystone_RV32I_45MHz.mem	45	45000000	6827e1ff9ef3aa7d90d3b50f8c2c59aa	6827e1ff9ef3aa7d90d3b50f8c2c59aa	MATCH
RV64IM_5SP_Coremark	coremark_RV64IM_38MHz.mem	38.000	38000000	cfb708ca3dd63eadd6e61a46cbcfa7df	cfb708ca3dd63eadd6e61a46cbcfa7df	MATCH
RV64IM_5SP_Dhry	dhrystone_RV64IM_37MHz.mem	37.0	37000000	aa46cafebd2f98666db1b20abea9a5d2	aa46cafebd2f98666db1b20abea9a5d2	MATCH
RV64IM_6SP_Coremark	coremark_RV64IM_45MHz.mem	45.000	45000000	e2e73bc5778afa99c758149e4d171403	e2e73bc5778afa99c758149e4d171403	MATCH
RV64IM_6SP_Dhry	dhrystone_RV64IM_44MHz.mem	44.001	44000000	5f0fd3965d49dbb88f6d166c0d1c4e3c	5f0fd3965d49dbb88f6d166c0d1c4e3c	MATCH
RV64IM_7SP_BRAM_Coremark	coremark_RV64IM_58MHz.mem	58.000000000	58000000	e46a5180efdc012de18c48a24a99c172	e46a5180efdc012de18c48a24a99c172	MATCH
RV64IM_7SP_BRAM_Dhry	dhrystone_RV64IM_58MHz.mem	58.001	58000000	b56a8cb7bb17e1f64adebb2c7056c4a9	b56a8cb7bb17e1f64adebb2c7056c4a9	MATCH
RV64IM_7SP_BRAM_Opt_Coremark	coremark_RV64IM_80.952381MHz.mem	80.952380952	80952381	bb5692ef57981dc5639a126b67331b6b	bb5692ef57981dc5639a126b67331b6b	MATCH
RV64IM_7SP_BRAM_Opt_Dhry	dhrystone_RV64IM_80.952381MHz.mem	80.952	80952381	29fa4efd5daf6301e1c64052c73c4ea5	29fa4efd5daf6301e1c64052c73c4ea5	MATCH
RV64IM_7SP_Coremark	coremark_RV64IM_47MHz.mem	46.999	47000000	f2980232436b15cf63be9313a60ae7ce	f2980232436b15cf63be9313a60ae7ce	MATCH
RV64IM_7SP_Dhry	dhrystone_RV64IM_48.611111MHz.mem	48.611111111	48611111	9824a33ee4b32fd9cd345d908d63efe7	9824a33ee4b32fd9cd345d908d63efe7	MATCH
RV64IM_8SP_Coremark	coremark_RV64IM_102MHz.mem	101.999	102000000	b97769fb572763323f6906233ea689d3	b97769fb572763323f6906233ea689d3	MATCH
RV64IM_8SP_Dhry	dhrystone_RV64IM_102MHz.mem	101.999	102000000	bf8e847b34a865b57dc29896d0c7c4e0	bf8e847b34a865b57dc29896d0c7c4e0	MATCH
RV64IM_8SP_withoutOpt_Coremark	coremark_RV64IM_92MHz.mem	91.996	92000000	cd18e3a6af0d9630252bf7abfc400a4b	cd18e3a6af0d9630252bf7abfc400a4b	MATCH
RV64IM_8SP_withoutOpt_Dhry	dhrystone_RV64IM_96MHz.mem	95.997	96000000	09fb665e87378c2168f7616bff365b89	09fb665e87378c2168f7616bff365b89	MATCH
RV64I_5SP_Coremark	coremark_RV64I_37.5MHz.mem	37.500	37500000	1c7521a4835d90d6816d5299c7a2e853	1c7521a4835d90d6816d5299c7a2e853	MATCH
RV64I_5SP_Dhry	dhrystone_RV64I_39MHz.mem	39.0	39000000	417962c09cb706792843ee8df74cfc8f	417962c09cb706792843ee8df74cfc8f	MATCH
