variant,workload,retired,violations,halted,sites
RV32I_5SP,md5sum,2610372,1,True,0x1cc->0x1e8
RV32I_5SP,nettle-aes,4859541,1,True,0x1cc->0x1e8
RV32I_5SP,nettle-sha256,4630885,1,True,0x1cc->0x1e8
RV32I_5SP,aha-mont64,13314627,1,True,0x1cc->0x1e8
RV32I_5SP,nsichneu,2012990,1,True,0x1cc->0x1e8
RV32I_5SP,picojpeg,5399298,1,True,0x1cc->0x1e8
RV32I_5SP,qrduino,6831093,1,True,0x1cc->0x1e8
RV32I_5SP,sglib-combined,3310330,1,True,0x1cc->0x1e8
RV32I_5SP,statemate,3315685,1,True,0x268->0x284
RV32I_5SP,matmult-int,25807786,1,True,0x1cc->0x1e8
RV32I_5SP,dhrystone_rv32i_1000it,20289161,0,False,
RV32I_5SP,ud,7219743,1,True,0x1cc->0x1e8
RV32I_5SP,xgboost,6498712,1,True,0x1c0->0x1dc
RV32I_5SP,coremark_rv32i_10it,24049601,3,False,0x3f44->0x3f50;0x3f50->0x3f5c
RV32I_5SP,tarfind,11335068,1,True,0x1bc->0x1d8
RV32I_5SP,crc32,35551978,1,True,0x1c0->0x1dc
RV32IM_5SP,crc32,4208331,1,True,0x1bc->0x1d8
RV32IM_5SP,aha-mont64,5128415,1,True,0x1cc->0x1e8
RV32IM_5SP,edn,3610253,1,True,0x1cc->0x1e8
RV32IM_5SP,matmult-int,3119081,1,True,0x1c0->0x1dc
RV32IM_5SP,md5sum,2556574,1,True,0x1cc->0x1e8
RV32IM_5SP,nettle-aes,4536758,1,True,0x1cc->0x1e8
RV32IM_5SP,nsichneu,2012990,1,True,0x1cc->0x1e8
RV32IM_5SP,nettle-sha256,4630885,1,True,0x1cc->0x1e8
RV32IM_5SP,qrduino,3705794,1,True,0x1cc->0x1e8
RV32IM_5SP,picojpeg,4321739,1,True,0x1cc->0x1e8
RV32IM_5SP,tarfind,1095357,1,True,0x1bc->0x1d8
RV32IM_5SP,sglib-combined,2918657,1,True,0x1cc->0x1e8
RV32IM_5SP,statemate,3315685,1,True,0x268->0x284
RV32IM_5SP,ud,2929769,1,True,0x1bc->0x1d8
RV32IM_5SP,depthconv,19194804,1,True,0x1bc->0x1d8
RV32IM_5SP,xgboost,6498712,1,True,0x1c0->0x1dc
RV32IM_6SP,aha-mont64,5128413,1,True,0x1cc->0x1e8
RV32IM_6SP,crc32,4208330,1,True,0x1bc->0x1d8
RV32IM_5SP,coremark_rv32im_10it,21567501,3,False,0x3d6c->0x3d78;0x3d78->0x3d84
RV32IM_6SP,edn,3610255,1,True,0x1cc->0x1e8
RV32IM_5SP,dhrystone_rv32im_1000it,20255095,0,False,
RV32IM_6SP,matmult-int,3119082,1,True,0x1c0->0x1dc
RV32IM_6SP,md5sum,2556573,1,True,0x1cc->0x1e8
RV32IM_6SP,nsichneu,2012990,1,True,0x1cc->0x1e8
RV32IM_6SP,nettle-aes,4536757,1,True,0x1cc->0x1e8
RV32IM_6SP,nettle-sha256,4630888,1,True,0x1cc->0x1e8
RV32I_5SP,edn,69995027,1,True,0x1cc->0x1e8
RV32IM_6SP,qrduino,3705791,1,True,0x1cc->0x1e8
RV32IM_6SP,picojpeg,4321738,1,True,0x1cc->0x1e8
RV32IM_6SP,sglib-combined,2918657,1,True,0x1cc->0x1e8
RV32IM_6SP,statemate,3315684,1,True,0x268->0x284
RV32IM_6SP,tarfind,1095359,1,True,0x1bc->0x1d8
RV32IM_6SP,ud,2929769,1,True,0x1bc->0x1d8
RV32IM_6SP,depthconv,19194805,1,True,0x1bc->0x1d8
RV32IM_6SP,xgboost,6498710,1,True,0x1c0->0x1dc
RV32IM_7SP,aha-mont64,5128414,1,True,0x1cc->0x1e8
RV32IM_6SP,dhrystone_rv32im_1000it,20247225,0,False,
RV32IM_6SP,coremark_rv32im_10it,21428990,3,False,0x3d6c->0x3d78;0x3d78->0x3d84
RV32IM_7SP,crc32,4208332,1,True,0x1bc->0x1d8
RV32IM_7SP,matmult-int,3119083,1,True,0x1c0->0x1dc
RV32IM_7SP,edn,3610253,1,True,0x1cc->0x1e8
RV32IM_7SP,md5sum,2556573,1,True,0x1cc->0x1e8
RV32IM_7SP,nsichneu,2012992,1,True,0x1cc->0x1e8
RV32IM_7SP,nettle-aes,4536757,1,True,0x1cc->0x1e8
RV32IM_7SP,nettle-sha256,4630886,1,True,0x1cc->0x1e8
RV32IM_7SP,picojpeg,4321739,1,True,0x1cc->0x1e8
RV32IM_7SP,tarfind,1095360,1,True,0x1bc->0x1d8
RV32IM_7SP,qrduino,3705791,1,True,0x1cc->0x1e8
RV32IM_7SP,sglib-combined,2918655,1,True,0x1cc->0x1e8
RV32IM_7SP,statemate,3315686,1,True,0x268->0x284
RV32IM_7SP,ud,2929767,1,True,0x1bc->0x1d8
RV32IM_7SP,coremark_rv32im_10it,13818716,2,False,0x3d6c->0x3d80;0x3d78->0x3d8c
RV32IM_7SP,dhrystone_rv32im_1000it,12295988,0,False,
RV32IM_7SP,xgboost,6498711,1,True,0x1c0->0x1dc
RV32IM_7SP_BRAM,aha-mont64,5128385,0,True,
RV32IM_7SP,depthconv,19194803,1,True,0x1bc->0x1d8
RV32IM_7SP_BRAM,edn,3610224,0,True,
RV32I_5SP,depthconv,100274764,1,True,0x1bc->0x1d8
RV32IM_7SP_BRAM,crc32,4208301,0,True,
RV32IM_7SP_BRAM,matmult-int,3119052,0,True,
RV32IM_7SP_BRAM,md5sum,2556542,0,True,
RV32IM_7SP_BRAM,nsichneu,2012961,0,True,
RV32IM_7SP_BRAM,nettle-sha256,4630857,0,True,
RV32IM_7SP_BRAM,nettle-aes,4536728,0,True,
RV32IM_7SP_BRAM,picojpeg,4321709,0,True,
RV32IM_7SP_BRAM,tarfind,1095329,0,True,
RV32IM_7SP_BRAM,qrduino,3705761,0,True,
RV32IM_7SP_BRAM,sglib-combined,2918624,0,True,
RV32IM_7SP_BRAM,statemate,3315656,0,True,
RV32IM_7SP_BRAM,ud,2929739,0,True,
RV32IM_7SP_BRAM,xgboost,6498682,0,True,
RV32IM_7SP_BRAM_Opt,aha-mont64,5128386,0,True,
RV32IM_7SP_BRAM_Opt,crc32,4208302,0,True,
RV32IM_7SP_BRAM,dhrystone_rv32im_1000it,12281302,0,False,
RV32IM_7SP_BRAM,coremark_rv32im_10it,13781441,2,False,0x3d6c->0x3d80;0x3d78->0x3d8c
RV32IM_7SP_BRAM_Opt,edn,3610225,0,True,
RV32IM_7SP_BRAM_Opt,matmult-int,3119052,0,True,
RV32IM_7SP_BRAM_Opt,md5sum,2556542,0,True,
RV32IM_7SP_BRAM,depthconv,19194773,0,True,
RV32IM_7SP_BRAM_Opt,nsichneu,2012960,0,True,
RV32IM_7SP_BRAM_Opt,nettle-aes,4536727,0,True,
RV32IM_7SP_BRAM_Opt,nettle-sha256,4630859,0,True,
RV32IM_7SP_BRAM_Opt,tarfind,1095327,0,True,
RV32IM_7SP_BRAM_Opt,picojpeg,4321710,0,True,
RV32IM_7SP_BRAM_Opt,statemate,3315656,0,True,
RV32IM_7SP_BRAM_Opt,sglib-combined,2918626,0,True,
RV32IM_7SP_BRAM_Opt,qrduino,3705763,0,True,
RV32IM_7SP_BRAM_Opt,ud,2929739,0,True,
RV32IM_8SP_withoutOpt,aha-mont64,5128385,0,True,
RV32IM_7SP_BRAM_Opt,xgboost,6498684,0,True,
RV32IM_8SP_withoutOpt,crc32,4208302,0,True,
RV32IM_7SP_BRAM_Opt,dhrystone_rv32im_1000it,10304198,0,False,
RV32IM_8SP_withoutOpt,matmult-int,3119050,0,True,
RV32IM_8SP_withoutOpt,edn,3610225,0,True,
RV32IM_7SP_BRAM_Opt,coremark_rv32im_10it,11941803,0,False,
RV32IM_7SP_BRAM_Opt,depthconv,19194772,0,True,
RV32IM_8SP_withoutOpt,md5sum,2556543,0,True,
RV32IM_8SP_withoutOpt,nsichneu,2012959,0,True,
RV32IM_8SP_withoutOpt,nettle-aes,4536728,0,True,
RV32IM_8SP_withoutOpt,nettle-sha256,4630857,0,True,
RV32IM_8SP_withoutOpt,tarfind,1095327,0,True,
RV32IM_8SP_withoutOpt,qrduino,3705764,0,True,
RV32IM_8SP_withoutOpt,sglib-combined,2918625,0,True,
RV32IM_8SP_withoutOpt,picojpeg,4321710,0,True,
RV32IM_8SP_withoutOpt,statemate,3315656,0,True,
RV32IM_8SP_withoutOpt,ud,2929740,0,True,
RV32IM_8SP,aha-mont64,5128385,0,True,
RV32IM_8SP_withoutOpt,coremark_rv32im_10it,11779895,0,False,
RV32IM_8SP,crc32,4208301,0,True,
RV32IM_8SP_withoutOpt,dhrystone_rv32im_1000it,10285051,0,False,
RV32IM_8SP_withoutOpt,xgboost,6498683,0,True,
RV32IM_8SP,edn,3610225,0,True,
RV32IM_8SP,matmult-int,3119050,0,True,
RV32IM_8SP,md5sum,2556541,0,True,
RV32IM_8SP_withoutOpt,depthconv,19194774,0,True,
RV32IM_8SP,nettle-aes,4536729,0,True,
RV32IM_8SP,nsichneu,2012958,0,True,
RV32IM_8SP,nettle-sha256,4630856,0,True,
RV32IM_8SP,picojpeg,4321708,0,True,
RV32IM_8SP,sglib-combined,2918626,0,True,
RV32IM_8SP,tarfind,1095327,0,True,
RV32IM_8SP,qrduino,3705762,0,True,
RV32IM_8SP,statemate,3315658,0,True,
RV32IM_8SP,ud,2929738,0,True,
RV32IM_8SP,coremark_rv32im_10it,10488997,0,False,
RV64I_5SP,aha-mont64,5839694,1,True,0x1ac->0x1c8
RV32IM_8SP,dhrystone_rv32im_1000it,8875568,0,False,
RV32IM_8SP,xgboost,6498682,0,True,
RV64I_5SP,md5sum,2639910,1,True,0x1bc->0x1d8
RV32IM_8SP,depthconv,19194774,0,True,
RV64I_5SP,nettle-aes,5286304,1,True,0x1bc->0x1d8
RV64I_5SP,nettle-sha256,4569933,1,True,0x1bc->0x1d8
RV64I_5SP,nsichneu,2326065,1,True,0x1bc->0x1d8
RV64I_5SP,picojpeg,5605725,1,True,0x1bc->0x1d8
RV64I_5SP,qrduino,6834643,1,True,0x1bc->0x1d8
RV64I_5SP,sglib-combined,3395801,1,True,0x1bc->0x1d8
RV64I_5SP,statemate,3302192,1,True,0x258->0x274
RV64I_5SP,dhrystone_rv64i_1000it,20273804,0,False,
RV64I_5SP,matmult-int,25792594,1,True,0x1bc->0x1d8
RV64I_5SP,xgboost,6498125,1,True,0x1b0->0x1cc
RV64I_5SP,ud,7851925,1,True,0x1bc->0x1d8
RV64I_5SP,crc32,35552420,1,True,0x1b0->0x1cc
RV64I_5SP,tarfind,11316873,1,True,0x1ac->0x1c8
RV64IM_5SP,aha-mont64,2129957,1,True,0x1ac->0x1c8
RV64IM_5SP,crc32,4208774,1,True,0x1b0->0x1cc
RV64IM_5SP,edn,3596823,1,True,0x1bc->0x1d8
RV64IM_5SP,matmult-int,3118931,1,True,0x1b0->0x1cc
RV64IM_5SP,md5sum,2586105,1,True,0x1bc->0x1d8
RV64IM_5SP,nettle-aes,4939342,1,True,0x1bc->0x1d8
RV64IM_5SP,nettle-sha256,4569933,1,True,0x1bc->0x1d8
RV64IM_5SP,nsichneu,2326065,1,True,0x1bc->0x1d8
RV64I_5SP,coremark_rv64i_10it,57457701,3,False,0x3874->0x3880;0x3880->0x388c
RV64IM_5SP,picojpeg,4337319,1,True,0x1bc->0x1d8
RV64IM_5SP,qrduino,3796493,1,True,0x1bc->0x1d8
RV64IM_5SP,sglib-combined,2994421,1,True,0x1bc->0x1d8
RV64IM_5SP,tarfind,1077162,1,True,0x1ac->0x1c8
RV64IM_5SP,statemate,3302192,1,True,0x258->0x274
RV64IM_5SP,depthconv,18152788,1,True,0x1ac->0x1c8
RV64IM_5SP,ud,3129742,1,True,0x1ac->0x1c8
RV64IM_6SP,aha-mont64,2129957,1,True,0x1ac->0x1c8
RV64IM_5SP,xgboost,6498125,1,True,0x1b0->0x1cc
RV64IM_6SP,crc32,4208773,1,True,0x1b0->0x1cc
RV64IM_5SP,dhrystone_rv64im_1000it,20238570,0,False,
RV64IM_6SP,edn,3596824,1,True,0x1bc->0x1d8
RV64IM_6SP,matmult-int,3118930,1,True,0x1b0->0x1cc
RV64IM_6SP,md5sum,2586104,1,True,0x1bc->0x1d8
RV64IM_6SP,nettle-aes,4939342,1,True,0x1bc->0x1d8
RV64IM_6SP,nettle-sha256,4569933,1,True,0x1bc->0x1d8
RV64IM_6SP,nsichneu,2326065,1,True,0x1bc->0x1d8
RV64IM_6SP,picojpeg,4337318,1,True,0x1bc->0x1d8
RV64IM_6SP,qrduino,3796490,1,True,0x1bc->0x1d8
RV64IM_6SP,depthconv,18152789,1,True,0x1ac->0x1c8
RV64IM_6SP,tarfind,1077163,1,True,0x1ac->0x1c8
RV64IM_6SP,sglib-combined,2994421,1,True,0x1bc->0x1d8
RV64IM_6SP,statemate,3302193,1,True,0x258->0x274
RV64IM_5SP,coremark_rv64im_10it,59045183,3,False,0x3ac8->0x3ad4;0x3ad4->0x3ae0
RV64IM_6SP,ud,3129741,1,True,0x1ac->0x1c8
RV64IM_6SP,dhrystone_rv64im_1000it,20230356,0,False,
RV64IM_7SP,aha-mont64,2129956,1,True,0x1ac->0x1c8
RV64IM_6SP,xgboost,6498125,1,True,0x1b0->0x1cc
RV64IM_7SP,crc32,4208774,1,True,0x1b0->0x1cc
RV64IM_7SP,edn,3596822,1,True,0x1bc->0x1d8
RV64IM_7SP,matmult-int,3118931,1,True,0x1b0->0x1cc
RV64IM_7SP,md5sum,2586107,1,True,0x1bc->0x1d8
RV64IM_7SP,nettle-aes,4939344,1,True,0x1bc->0x1d8
RV64IM_7SP,nettle-sha256,4569933,1,True,0x1bc->0x1d8
RV64IM_7SP,nsichneu,2326069,1,True,0x1bc->0x1d8
RV64IM_7SP,picojpeg,4337321,1,True,0x1bc->0x1d8
RV64IM_7SP,qrduino,3796490,1,True,0x1bc->0x1d8
RV64IM_7SP,dhrystone_rv64im_1000it,12277217,0,False,
RV64IM_6SP,coremark_rv64im_10it,58622821,3,False,0x3ac8->0x3ad4;0x3ad4->0x3ae0
RV64IM_7SP,statemate,3302191,1,True,0x258->0x274
RV64IM_7SP,tarfind,1077163,1,True,0x1ac->0x1c8
RV64IM_7SP,sglib-combined,2994421,1,True,0x1bc->0x1d8
RV64IM_7SP,depthconv,18152785,1,True,0x1ac->0x1c8
RV64IM_7SP,ud,3129742,1,True,0x1ac->0x1c8
RV64IM_7SP_BRAM,aha-mont64,2129954,1,True,0x1ac->0x1c8
RV64IM_7SP_BRAM,crc32,4208775,1,True,0x1b0->0x1cc
RV64IM_7SP,xgboost,6498125,1,True,0x1b0->0x1cc
RV64I_5SP,depthconv,106274908,1,True,0x1ac->0x1c8
RV64IM_7SP_BRAM,edn,3596821,1,True,0x1bc->0x1d8
RV64IM_7SP_BRAM,matmult-int,3118929,1,True,0x1b0->0x1cc
RV64IM_7SP_BRAM,md5sum,2586105,1,True,0x1bc->0x1d8
RV64IM_7SP_BRAM,nsichneu,2326066,1,True,0x1bc->0x1d8
RV64IM_7SP_BRAM,nettle-sha256,4569933,1,True,0x1bc->0x1d8
RV64IM_7SP_BRAM,nettle-aes,4939342,1,True,0x1bc->0x1d8
RV64IM_7SP_BRAM,picojpeg,4337319,1,True,0x1bc->0x1d8
RV64IM_7SP_BRAM,sglib-combined,2994419,1,True,0x1bc->0x1d8
RV64IM_7SP_BRAM,qrduino,3796488,1,True,0x1bc->0x1d8
RV64I_5SP,edn,118709768,1,True,0x1bc->0x1d8
RV64IM_7SP_BRAM,tarfind,1077162,1,True,0x1ac->0x1c8
RV64IM_7SP_BRAM,statemate,3302192,1,True,0x258->0x274
RV64IM_7SP_BRAM,dhrystone_rv64im_1000it,12263926,0,False,
RV64IM_7SP_BRAM,ud,3129738,1,True,0x1ac->0x1c8
RV64IM_7SP_BRAM,depthconv,18152786,1,True,0x1ac->0x1c8
RV64IM_7SP_BRAM_Opt,aha-mont64,2129945,0,True,
RV64IM_7SP,coremark_rv64im_10it,57758306,24,False,0x3ad4->0x3ae8;0x68->0x78;0x78->0xf58;0x88c->0x894;0x894->0x87c
RV64IM_7SP_BRAM_Opt,crc32,4208761,0,True,
RV64IM_7SP_BRAM,xgboost,6498125,1,True,0x1b0->0x1cc
RV64IM_7SP_BRAM_Opt,edn,3596811,0,True,
RV64IM_7SP_BRAM_Opt,matmult-int,3118917,0,True,
RV64IM_7SP_BRAM_Opt,md5sum,2586092,0,True,
RV64IM_7SP_BRAM_Opt,nsichneu,2326053,0,True,
RV64IM_7SP_BRAM_Opt,nettle-aes,4939328,0,True,
RV64IM_7SP_BRAM_Opt,nettle-sha256,4569919,0,True,
RV64IM_7SP_BRAM_Opt,picojpeg,4337304,0,True,
RV64IM_7SP_BRAM_Opt,qrduino,3796477,0,True,
RV64IM_7SP_BRAM_Opt,tarfind,1077147,0,True,
RV64IM_7SP_BRAM_Opt,statemate,3302177,0,True,
RV64IM_7SP_BRAM_Opt,sglib-combined,2994408,0,True,
RV64IM_7SP_BRAM_Opt,ud,3129724,0,True,
RV64IM_8SP_withoutOpt,aha-mont64,2129942,0,True,
RV64IM_7SP_BRAM_Opt,xgboost,6498112,0,True,
RV64IM_7SP_BRAM_Opt,depthconv,18152773,0,True,
RV64IM_8SP_withoutOpt,crc32,4208762,0,True,
RV64IM_8SP_withoutOpt,edn,3596810,0,True,
RV64IM_7SP_BRAM_Opt,dhrystone_rv64im_1000it,10285889,0,False,
RV64IM_7SP_BRAM,coremark_rv64im_10it,57570989,2,False,0x3ac8->0x3adc;0x3ad4->0x3ae8
RV64IM_8SP_withoutOpt,matmult-int,3118915,0,True,
RV64IM_8SP_withoutOpt,md5sum,2586095,0,True,
RV64IM_8SP_withoutOpt,nsichneu,2326051,0,True,
RV64IM_8SP_withoutOpt,nettle-aes,4939328,0,True,
RV64IM_8SP_withoutOpt,nettle-sha256,4569919,0,True,
RV64IM_8SP_withoutOpt,picojpeg,4337305,0,True,
RV64IM_8SP_withoutOpt,sglib-combined,2994409,0,True,
RV64IM_8SP_withoutOpt,qrduino,3796476,0,True,
RV64IM_8SP_withoutOpt,tarfind,1077147,0,True,
RV64IM_8SP_withoutOpt,statemate,3302177,0,True,
RV64IM_8SP_withoutOpt,ud,3129727,0,True,
RV64IM_8SP,aha-mont64,2129943,0,True,
RV64IM_8SP_withoutOpt,dhrystone_rv64im_1000it,10266668,0,False,
RV64IM_8SP_withoutOpt,depthconv,18152774,0,True,
RV64IM_8SP_withoutOpt,xgboost,6498110,0,True,
RV64IM_7SP_BRAM_Opt,coremark_rv64im_10it,57491615,0,False,
RV64IM_8SP,crc32,4208760,0,True,
RV64IM_8SP,matmult-int,3118916,0,True,
RV64IM_8SP,edn,3596808,0,True,
RV64IM_8SP,md5sum,2586092,0,True,
RV64IM_8SP,nsichneu,2326053,0,True,
RV64IM_8SP,nettle-aes,4939329,0,True,
RV64IM_8SP,nettle-sha256,4569919,0,True,
RV64IM_8SP,picojpeg,4337306,0,True,
RV64IM_8SP,tarfind,1077147,0,True,
RV64IM_8SP,qrduino,3796478,0,True,
RV64IM_8SP,sglib-combined,2994409,0,True,
RV64IM_8SP,statemate,3302178,0,True,
RV64IM_8SP,ud,3129727,0,True,
RV64IM_8SP_withoutOpt,coremark_rv64im_10it,56435400,0,False,
RV64IM_8SP,dhrystone_rv64im_1000it,8856530,0,False,
RV64IM_8SP,xgboost,6498110,0,True,
RV64IM_8SP,depthconv,18152774,0,True,
RV64IM_8SP,coremark_rv64im_10it,56356001,0,False,
