variant,program,aapg_status,violations,halted_3M,first_violation_cycle
RV32IM_5SP,rv32im_s001,MISMATCH,0,True,
RV32IM_5SP,rv32im_s002,MATCH,0,True,
RV32IM_5SP,rv32im_s003,MATCH,0,True,
RV32IM_5SP,rv32im_s004,MATCH,0,True,
RV32IM_5SP,rv32im_s005,MISMATCH,0,True,
RV32IM_5SP,rv32im_s006,MISMATCH,0,True,
RV32IM_5SP,rv32im_s007,MATCH,0,True,
RV32IM_5SP,rv32im_s008,MISMATCH,0,True,
RV32IM_5SP,rv32im_s009,MISMATCH,0,True,
RV32IM_5SP,rv32im_s010,MISMATCH,0,True,
RV32IM_5SP,rv32im_s011,MISMATCH,0,True,
RV32IM_5SP,rv32im_s012,MISMATCH,0,True,
RV32IM_5SP,rv32im_s013,MISMATCH,0,True,
RV32IM_5SP,rv32im_s014,MATCH,0,True,
RV32IM_5SP,rv32im_s015,MATCH,0,True,
RV32IM_5SP,rv32im_s016,MISMATCH,0,True,
RV32IM_5SP,rv32im_s017,MISMATCH,0,True,
RV32IM_5SP,rv32im_s018,MISMATCH,0,True,
RV32IM_5SP,rv32im_s019,MATCH,0,True,
RV32IM_5SP,rv32im_s020,MISMATCH,0,True,
RV32IM_6SP,rv32im_s001,MISMATCH,0,True,
RV32IM_6SP,rv32im_s002,MATCH,0,True,
RV32IM_6SP,rv32im_s003,MATCH,0,True,
RV32IM_6SP,rv32im_s004,MATCH,0,True,
RV32IM_6SP,rv32im_s005,MISMATCH,0,True,
RV32IM_6SP,rv32im_s006,MISMATCH,0,True,
RV32IM_6SP,rv32im_s007,MATCH,0,True,
RV32IM_6SP,rv32im_s008,MISMATCH,0,True,
RV32IM_6SP,rv32im_s009,MISMATCH,0,True,
RV32IM_6SP,rv32im_s010,MISMATCH,0,True,
RV32IM_6SP,rv32im_s011,MISMATCH,0,True,
RV32IM_6SP,rv32im_s012,MISMATCH,0,True,
RV32IM_6SP,rv32im_s013,MISMATCH,0,True,
RV32IM_6SP,rv32im_s014,MATCH,0,True,
RV32IM_6SP,rv32im_s015,MATCH,0,True,
RV32IM_6SP,rv32im_s016,MISMATCH,0,True,
RV32IM_6SP,rv32im_s017,MISMATCH,0,True,
RV32IM_6SP,rv32im_s018,MISMATCH,0,True,
RV32IM_6SP,rv32im_s019,MATCH,0,True,
RV32IM_6SP,rv32im_s020,MISMATCH,0,True,
RV32IM_7SP,rv32im_s001,TIMEOUT,0,False,
RV32IM_7SP,rv32im_s002,MATCH,3,True,62314
RV32IM_7SP,rv32im_s003,MATCH,2,True,63683
RV32IM_7SP,rv32im_s004,TIMEOUT,0,False,
RV32IM_7SP,rv32im_s005,TIMEOUT,3,False,62605
RV32IM_7SP,rv32im_s006,TIMEOUT,0,False,
RV32IM_7SP,rv32im_s007,TIMEOUT,0,False,
RV32IM_7SP,rv32im_s008,TIMEOUT,0,False,
RV32IM_7SP,rv32im_s009,TIMEOUT,0,False,
RV32IM_7SP,rv32im_s010,TIMEOUT,0,False,
RV32IM_7SP,rv32im_s011,TIMEOUT,0,False,
RV32IM_7SP,rv32im_s012,MISMATCH,1,True,70180
RV32IM_7SP,rv32im_s013,TIMEOUT,0,False,
RV32IM_7SP,rv32im_s014,TIMEOUT,0,False,
RV32IM_7SP,rv32im_s015,TIMEOUT,0,False,
RV32IM_7SP,rv32im_s016,TIMEOUT,1,False,56866
RV32IM_7SP,rv32im_s017,TIMEOUT,1,False,73094
RV32IM_7SP,rv32im_s018,TIMEOUT,0,False,
RV32IM_7SP,rv32im_s019,MATCH,2,True,68597
RV32IM_7SP,rv32im_s020,MISMATCH,0,True,
RV32IM_7SP_BRAM,rv32im_s001,TIMEOUT,0,False,
RV32IM_7SP_BRAM,rv32im_s002,MATCH,3,True,67966
RV32IM_7SP_BRAM,rv32im_s003,MATCH,2,True,69380
RV32IM_7SP_BRAM,rv32im_s004,TIMEOUT,0,False,
RV32IM_7SP_BRAM,rv32im_s005,TIMEOUT,3,False,68338
RV32IM_7SP_BRAM,rv32im_s006,TIMEOUT,0,False,
RV32IM_7SP_BRAM,rv32im_s007,TIMEOUT,0,False,
RV32IM_7SP_BRAM,rv32im_s008,TIMEOUT,0,False,
RV32IM_7SP_BRAM,rv32im_s009,TIMEOUT,0,False,
RV32IM_7SP_BRAM,rv32im_s010,TIMEOUT,0,False,
RV32IM_7SP_BRAM,rv32im_s011,TIMEOUT,0,False,
RV32IM_7SP_BRAM,rv32im_s012,MISMATCH,1,True,76487
RV32IM_7SP_BRAM,rv32im_s013,TIMEOUT,0,False,
RV32IM_7SP_BRAM,rv32im_s014,TIMEOUT,0,False,
RV32IM_7SP_BRAM,rv32im_s015,TIMEOUT,0,False,
RV32IM_7SP_BRAM,rv32im_s016,TIMEOUT,1,False,62036
RV32IM_7SP_BRAM,rv32im_s017,TIMEOUT,1,False,79569
RV32IM_7SP_BRAM,rv32im_s018,TIMEOUT,0,False,
RV32IM_7SP_BRAM,rv32im_s019,TIMEOUT,2,False,75013
RV32IM_7SP_BRAM,rv32im_s020,MISMATCH,1,True,72105
RV32IM_7SP_BRAM_Opt,rv32im_s001,TIMEOUT,0,False,
RV32IM_7SP_BRAM_Opt,rv32im_s002,MATCH,3,True,72618
RV32IM_7SP_BRAM_Opt,rv32im_s003,MATCH,2,True,74079
RV32IM_7SP_BRAM_Opt,rv32im_s004,TIMEOUT,0,False,
RV32IM_7SP_BRAM_Opt,rv32im_s005,TIMEOUT,3,False,72936
RV32IM_7SP_BRAM_Opt,rv32im_s006,TIMEOUT,0,False,
RV32IM_7SP_BRAM_Opt,rv32im_s007,TIMEOUT,0,False,
RV32IM_7SP_BRAM_Opt,rv32im_s008,TIMEOUT,0,False,
RV32IM_7SP_BRAM_Opt,rv32im_s009,TIMEOUT,0,False,
RV32IM_7SP_BRAM_Opt,rv32im_s010,TIMEOUT,0,False,
RV32IM_7SP_BRAM_Opt,rv32im_s011,TIMEOUT,0,False,
RV32IM_7SP_BRAM_Opt,rv32im_s012,MISMATCH,1,True,80644
RV32IM_7SP_BRAM_Opt,rv32im_s013,TIMEOUT,0,False,
RV32IM_7SP_BRAM_Opt,rv32im_s014,TIMEOUT,0,False,
RV32IM_7SP_BRAM_Opt,rv32im_s015,TIMEOUT,0,False,
RV32IM_7SP_BRAM_Opt,rv32im_s016,TIMEOUT,1,False,67121
RV32IM_7SP_BRAM_Opt,rv32im_s017,TIMEOUT,1,False,83623
RV32IM_7SP_BRAM_Opt,rv32im_s018,TIMEOUT,0,False,
RV32IM_7SP_BRAM_Opt,rv32im_s019,TIMEOUT,2,False,79020
RV32IM_7SP_BRAM_Opt,rv32im_s020,MISMATCH,1,True,76610
RV32IM_8SP,rv32im_s001,TIMEOUT,0,False,
RV32IM_8SP,rv32im_s002,MATCH,3,True,83127
RV32IM_8SP,rv32im_s003,MATCH,3,True,84751
RV32IM_8SP,rv32im_s004,TIMEOUT,0,False,
RV32IM_8SP,rv32im_s005,TIMEOUT,5,False,83460
RV32IM_8SP,rv32im_s006,TIMEOUT,0,False,
RV32IM_8SP,rv32im_s007,TIMEOUT,1,False,90035
RV32IM_8SP,rv32im_s008,TIMEOUT,0,False,
RV32IM_8SP,rv32im_s009,TIMEOUT,0,False,
RV32IM_8SP,rv32im_s010,TIMEOUT,1,False,80645
RV32IM_8SP,rv32im_s011,TIMEOUT,0,False,
RV32IM_8SP,rv32im_s012,MISMATCH,2,True,91623
RV32IM_8SP,rv32im_s013,TIMEOUT,0,False,
RV32IM_8SP,rv32im_s014,TIMEOUT,0,False,
RV32IM_8SP,rv32im_s015,TIMEOUT,0,False,
RV32IM_8SP,rv32im_s016,TIMEOUT,1,False,77413
RV32IM_8SP,rv32im_s017,TIMEOUT,2,False,94654
RV32IM_8SP,rv32im_s018,TIMEOUT,0,False,
RV32IM_8SP,rv32im_s019,TIMEOUT,2,False,89928
RV32IM_8SP,rv32im_s020,MISMATCH,1,True,87457
RV32IM_8SP_withoutOpt,rv32im_s001,TIMEOUT,0,False,
RV32IM_8SP_withoutOpt,rv32im_s002,MATCH,3,True,78470
RV32IM_8SP_withoutOpt,rv32im_s003,MATCH,3,True,80010
RV32IM_8SP_withoutOpt,rv32im_s004,TIMEOUT,0,False,
RV32IM_8SP_withoutOpt,rv32im_s005,TIMEOUT,5,False,78820
RV32IM_8SP_withoutOpt,rv32im_s006,TIMEOUT,0,False,
RV32IM_8SP_withoutOpt,rv32im_s007,TIMEOUT,1,False,85902
RV32IM_8SP_withoutOpt,rv32im_s008,TIMEOUT,0,False,
RV32IM_8SP_withoutOpt,rv32im_s009,TIMEOUT,0,False,
RV32IM_8SP_withoutOpt,rv32im_s010,TIMEOUT,1,False,75702
RV32IM_8SP_withoutOpt,rv32im_s011,TIMEOUT,0,False,
RV32IM_8SP_withoutOpt,rv32im_s012,MISMATCH,2,True,87424
RV32IM_8SP_withoutOpt,rv32im_s013,TIMEOUT,0,False,
RV32IM_8SP_withoutOpt,rv32im_s014,TIMEOUT,0,False,
RV32IM_8SP_withoutOpt,rv32im_s015,TIMEOUT,0,False,
RV32IM_8SP_withoutOpt,rv32im_s016,TIMEOUT,1,False,72328
RV32IM_8SP_withoutOpt,rv32im_s017,TIMEOUT,2,False,90570
RV32IM_8SP_withoutOpt,rv32im_s018,TIMEOUT,0,False,
RV32IM_8SP_withoutOpt,rv32im_s019,TIMEOUT,2,False,85847
RV32IM_8SP_withoutOpt,rv32im_s020,MISMATCH,1,True,82915
RV32I_5SP,rv32i_s001,MISMATCH,0,True,
RV32I_5SP,rv32i_s002,MATCH,0,True,
RV32I_5SP,rv32i_s003,MISMATCH,0,True,
RV32I_5SP,rv32i_s004,MISMATCH,0,True,
RV32I_5SP,rv32i_s005,MISMATCH,0,True,
RV32I_5SP,rv32i_s006,MISMATCH,0,True,
RV32I_5SP,rv32i_s007,MISMATCH,0,True,
RV32I_5SP,rv32i_s008,MATCH,0,True,
RV32I_5SP,rv32i_s009,MISMATCH,0,True,
RV32I_5SP,rv32i_s010,MISMATCH,0,True,
RV32I_5SP,rv32i_s011,MATCH,0,True,
RV32I_5SP,rv32i_s012,MISMATCH,0,True,
RV32I_5SP,rv32i_s013,MISMATCH,0,True,
RV32I_5SP,rv32i_s014,MATCH,0,True,
RV32I_5SP,rv32i_s015,MISMATCH,0,True,
RV32I_5SP,rv32i_s016,MATCH,0,True,
RV32I_5SP,rv32i_s017,MISMATCH,0,True,
RV32I_5SP,rv32i_s018,MATCH,0,True,
RV32I_5SP,rv32i_s019,MATCH,0,True,
RV32I_5SP,rv32i_s020,MISMATCH,0,True,
RV64IM_5SP,rv64im_s001,MATCH,0,True,
RV64IM_5SP,rv64im_s002,MATCH,0,True,
RV64IM_5SP,rv64im_s003,MATCH,0,True,
RV64IM_5SP,rv64im_s004,MATCH,0,True,
RV64IM_5SP,rv64im_s005,MATCH,0,True,
RV64IM_5SP,rv64im_s006,MATCH,0,True,
RV64IM_5SP,rv64im_s007,MATCH,0,True,
RV64IM_5SP,rv64im_s008,MATCH,0,True,
RV64IM_5SP,rv64im_s009,MATCH,0,True,
RV64IM_5SP,rv64im_s010,MATCH,0,True,
RV64IM_5SP,rv64im_s011,MATCH,0,True,
RV64IM_5SP,rv64im_s012,MATCH,0,True,
RV64IM_5SP,rv64im_s013,MATCH,0,True,
RV64IM_5SP,rv64im_s014,MISMATCH,0,True,
RV64IM_5SP,rv64im_s015,MATCH,0,True,
RV64IM_5SP,rv64im_s016,MATCH,0,True,
RV64IM_5SP,rv64im_s017,MATCH,0,True,
RV64IM_5SP,rv64im_s018,MATCH,0,True,
RV64IM_5SP,rv64im_s019,MATCH,0,True,
RV64IM_5SP,rv64im_s020,MATCH,0,True,
RV64IM_6SP,rv64im_s001,MATCH,0,True,
RV64IM_6SP,rv64im_s002,MATCH,0,True,
RV64IM_6SP,rv64im_s003,MATCH,0,True,
RV64IM_6SP,rv64im_s004,MATCH,0,True,
RV64IM_6SP,rv64im_s005,MATCH,0,True,
RV64IM_6SP,rv64im_s006,MATCH,0,True,
RV64IM_6SP,rv64im_s007,MATCH,0,True,
RV64IM_6SP,rv64im_s008,MATCH,0,True,
RV64IM_6SP,rv64im_s009,MATCH,0,True,
RV64IM_6SP,rv64im_s010,MATCH,0,True,
RV64IM_6SP,rv64im_s011,MATCH,0,True,
RV64IM_6SP,rv64im_s012,MATCH,0,True,
RV64IM_6SP,rv64im_s013,MATCH,0,True,
RV64IM_6SP,rv64im_s014,MISMATCH,0,True,
RV64IM_6SP,rv64im_s015,MATCH,0,True,
RV64IM_6SP,rv64im_s016,MATCH,0,True,
RV64IM_6SP,rv64im_s017,MATCH,0,True,
RV64IM_6SP,rv64im_s018,MATCH,0,True,
RV64IM_6SP,rv64im_s019,MATCH,0,True,
RV64IM_6SP,rv64im_s020,MATCH,0,True,
RV64IM_7SP,rv64im_s001,TIMEOUT,0,False,
RV64IM_7SP,rv64im_s002,TIMEOUT,1,False,30260
RV64IM_7SP,rv64im_s003,MATCH,2,True,48274
RV64IM_7SP,rv64im_s004,MATCH,1,True,32372
RV64IM_7SP,rv64im_s005,TIMEOUT,1,False,62059
RV64IM_7SP,rv64im_s006,MATCH,0,True,
RV64IM_7SP,rv64im_s007,TIMEOUT,0,False,
RV64IM_7SP,rv64im_s008,MATCH,1,True,54771
RV64IM_7SP,rv64im_s009,MATCH,1,True,56907
RV64IM_7SP,rv64im_s010,TIMEOUT,0,False,
RV64IM_7SP,rv64im_s011,MATCH,2,True,35400
RV64IM_7SP,rv64im_s012,TIMEOUT,0,False,
RV64IM_7SP,rv64im_s013,MATCH,0,True,
RV64IM_7SP,rv64im_s014,TIMEOUT,0,False,
RV64IM_7SP,rv64im_s015,MATCH,2,True,33051
RV64IM_7SP,rv64im_s016,TIMEOUT,1,False,28948
RV64IM_7SP,rv64im_s017,TIMEOUT,0,False,
RV64IM_7SP,rv64im_s018,MATCH,0,True,
RV64IM_7SP,rv64im_s019,MATCH,1,True,48888
RV64IM_7SP,rv64im_s020,TIMEOUT,3,False,48852
RV64IM_7SP_BRAM,rv64im_s001,TIMEOUT,0,False,
RV64IM_7SP_BRAM,rv64im_s002,TIMEOUT,1,False,33084
RV64IM_7SP_BRAM,rv64im_s003,MATCH,2,True,52703
RV64IM_7SP_BRAM,rv64im_s004,MATCH,1,True,35249
RV64IM_7SP_BRAM,rv64im_s005,TIMEOUT,1,False,67833
RV64IM_7SP_BRAM,rv64im_s006,MATCH,0,True,
RV64IM_7SP_BRAM,rv64im_s007,TIMEOUT,0,False,
RV64IM_7SP_BRAM,rv64im_s008,MATCH,1,True,59296
RV64IM_7SP_BRAM,rv64im_s009,MATCH,1,True,62219
RV64IM_7SP_BRAM,rv64im_s010,TIMEOUT,0,False,
RV64IM_7SP_BRAM,rv64im_s011,MATCH,2,True,38276
RV64IM_7SP_BRAM,rv64im_s012,TIMEOUT,0,False,
RV64IM_7SP_BRAM,rv64im_s013,MATCH,0,True,
RV64IM_7SP_BRAM,rv64im_s014,TIMEOUT,0,False,
RV64IM_7SP_BRAM,rv64im_s015,MATCH,2,True,36169
RV64IM_7SP_BRAM,rv64im_s016,TIMEOUT,1,False,31559
RV64IM_7SP_BRAM,rv64im_s017,TIMEOUT,0,False,
RV64IM_7SP_BRAM,rv64im_s018,MATCH,0,True,
RV64IM_7SP_BRAM,rv64im_s019,MATCH,1,True,53047
RV64IM_7SP_BRAM,rv64im_s020,TIMEOUT,3,False,52991
RV64IM_7SP_BRAM_Opt,rv64im_s001,TIMEOUT,0,False,
RV64IM_7SP_BRAM_Opt,rv64im_s002,TIMEOUT,1,False,35392
RV64IM_7SP_BRAM_Opt,rv64im_s003,MATCH,2,True,53613
RV64IM_7SP_BRAM_Opt,rv64im_s004,MATCH,1,True,37529
RV64IM_7SP_BRAM_Opt,rv64im_s005,TIMEOUT,1,False,67470
RV64IM_7SP_BRAM_Opt,rv64im_s006,MATCH,0,True,
RV64IM_7SP_BRAM_Opt,rv64im_s007,TIMEOUT,0,False,
RV64IM_7SP_BRAM_Opt,rv64im_s008,MATCH,1,True,60198
RV64IM_7SP_BRAM_Opt,rv64im_s009,MATCH,1,True,62347
RV64IM_7SP_BRAM_Opt,rv64im_s010,TIMEOUT,0,False,
RV64IM_7SP_BRAM_Opt,rv64im_s011,MATCH,2,True,40563
RV64IM_7SP_BRAM_Opt,rv64im_s012,TIMEOUT,0,False,
RV64IM_7SP_BRAM_Opt,rv64im_s013,MATCH,0,True,
RV64IM_7SP_BRAM_Opt,rv64im_s014,TIMEOUT,0,False,
RV64IM_7SP_BRAM_Opt,rv64im_s015,MATCH,2,True,38229
RV64IM_7SP_BRAM_Opt,rv64im_s016,TIMEOUT,1,False,34079
RV64IM_7SP_BRAM_Opt,rv64im_s017,TIMEOUT,0,False,
RV64IM_7SP_BRAM_Opt,rv64im_s018,MATCH,0,True,
RV64IM_7SP_BRAM_Opt,rv64im_s019,MATCH,1,True,54175
RV64IM_7SP_BRAM_Opt,rv64im_s020,TIMEOUT,3,False,54189
RV64IM_8SP,rv64im_s001,TIMEOUT,0,False,
RV64IM_8SP,rv64im_s002,MATCH,2,True,40591
RV64IM_8SP,rv64im_s003,MATCH,2,True,59481
RV64IM_8SP,rv64im_s004,MATCH,1,True,42778
RV64IM_8SP,rv64im_s005,TIMEOUT,1,False,73640
RV64IM_8SP,rv64im_s006,MATCH,0,True,
RV64IM_8SP,rv64im_s007,TIMEOUT,0,False,
RV64IM_8SP,rv64im_s008,MATCH,1,True,66322
RV64IM_8SP,rv64im_s009,MATCH,1,True,68556
RV64IM_8SP,rv64im_s010,TIMEOUT,0,False,
RV64IM_8SP,rv64im_s011,MATCH,2,True,45913
RV64IM_8SP,rv64im_s012,TIMEOUT,1,False,72101
RV64IM_8SP,rv64im_s013,MATCH,0,True,
RV64IM_8SP,rv64im_s014,TIMEOUT,0,False,
RV64IM_8SP,rv64im_s015,MATCH,3,True,43508
RV64IM_8SP,rv64im_s016,TIMEOUT,1,False,39246
RV64IM_8SP,rv64im_s017,TIMEOUT,0,False,
RV64IM_8SP,rv64im_s018,MATCH,0,True,
RV64IM_8SP,rv64im_s019,MATCH,1,True,60023
RV64IM_8SP,rv64im_s020,TIMEOUT,3,False,60085
RV64IM_8SP_withoutOpt,rv64im_s001,TIMEOUT,0,False,
RV64IM_8SP_withoutOpt,rv64im_s002,MATCH,2,True,38352
RV64IM_8SP_withoutOpt,rv64im_s003,MATCH,2,True,58386
RV64IM_8SP_withoutOpt,rv64im_s004,MATCH,1,True,40461
RV64IM_8SP_withoutOpt,rv64im_s005,TIMEOUT,1,False,73791
RV64IM_8SP_withoutOpt,rv64im_s006,MATCH,0,True,
RV64IM_8SP_withoutOpt,rv64im_s007,TIMEOUT,0,False,
RV64IM_8SP_withoutOpt,rv64im_s008,MATCH,1,True,65272
RV64IM_8SP_withoutOpt,rv64im_s009,MATCH,1,True,68036
RV64IM_8SP_withoutOpt,rv64im_s010,TIMEOUT,0,False,
RV64IM_8SP_withoutOpt,rv64im_s011,MATCH,2,True,43621
RV64IM_8SP_withoutOpt,rv64im_s012,TIMEOUT,1,False,71215
RV64IM_8SP_withoutOpt,rv64im_s013,MATCH,0,True,
RV64IM_8SP_withoutOpt,rv64im_s014,TIMEOUT,0,False,
RV64IM_8SP_withoutOpt,rv64im_s015,MATCH,3,True,41438
RV64IM_8SP_withoutOpt,rv64im_s016,TIMEOUT,1,False,36726
RV64IM_8SP_withoutOpt,rv64im_s017,TIMEOUT,0,False,
RV64IM_8SP_withoutOpt,rv64im_s018,MATCH,0,True,
RV64IM_8SP_withoutOpt,rv64im_s019,MATCH,1,True,58848
RV64IM_8SP_withoutOpt,rv64im_s020,TIMEOUT,3,False,58872
RV64I_5SP,rv64i_s001,MATCH,0,True,
RV64I_5SP,rv64i_s002,MATCH,0,True,
RV64I_5SP,rv64i_s003,MATCH,0,True,
RV64I_5SP,rv64i_s004,MISMATCH,0,True,
RV64I_5SP,rv64i_s005,MISMATCH,0,True,
RV64I_5SP,rv64i_s006,MATCH,0,True,
RV64I_5SP,rv64i_s007,MISMATCH,0,True,
RV64I_5SP,rv64i_s008,MATCH,0,True,
RV64I_5SP,rv64i_s009,MISMATCH,0,True,
RV64I_5SP,rv64i_s010,MATCH,0,True,
RV64I_5SP,rv64i_s011,MATCH,0,True,
RV64I_5SP,rv64i_s012,MATCH,0,True,
RV64I_5SP,rv64i_s013,MATCH,0,True,
RV64I_5SP,rv64i_s014,MISMATCH,0,True,
RV64I_5SP,rv64i_s015,MATCH,0,True,
RV64I_5SP,rv64i_s016,MATCH,0,True,
RV64I_5SP,rv64i_s017,MATCH,0,True,
RV64I_5SP,rv64i_s018,MATCH,0,True,
RV64I_5SP,rv64i_s019,MISMATCH,0,True,
RV64I_5SP,rv64i_s020,MATCH,0,True,
