ref,dut,image,compared,value_divergences,control_events,dut_inserted,dut_dropped,ended
RV32IM_5SP,RV32IM_7SP_BRAM,/tmp/rv-im100/images/dhrystone_rv32im_1000it_100000000.mem,416599,0,0,0,0,stop-marker
RV32IM_5SP,RV32IM_7SP_BRAM,/tmp/rv-im100/images/coremark_rv32im_10it_100000000.mem,2810355,0,1,4,2,stop-marker
RV32IM_5SP,RV32IM_7SP_BRAM,/home/khwl/Desktop/RV-IM100/riscof-env/build/embench/rv32im/crc32.hex,4207948,0,1,1,30,stop-marker
RV32IM_5SP,RV32IM_7SP_BRAM,/home/khwl/Desktop/RV-IM100/riscof-env/build/embench/rv32im/aha-mont64.hex,5128033,0,1,1,30,stop-marker
RV32IM_5SP,RV32IM_7SP_BRAM,/home/khwl/Desktop/RV-IM100/riscof-env/build/embench/rv32im/edn.hex,3607914,0,1,1,30,stop-marker
RV32IM_5SP,RV32IM_7SP_BRAM,/home/khwl/Desktop/RV-IM100/riscof-env/build/embench/rv32im/matmult-int.hex,3114866,0,1,1,30,stop-marker
RV32IM_5SP,RV32IM_7SP_BRAM,/home/khwl/Desktop/RV-IM100/riscof-env/build/embench/rv32im/md5sum.hex,2556187,0,1,1,30,stop-marker
RV32IM_5SP,RV32IM_7SP_BRAM,/home/khwl/Desktop/RV-IM100/riscof-env/build/embench/rv32im/nsichneu.hex,2012506,0,1,1,30,stop-marker
RV32IM_5SP,RV32IM_7SP_BRAM,/home/khwl/Desktop/RV-IM100/riscof-env/build/embench/rv32im/nettle-aes.hex,4532269,0,1,1,30,stop-marker
RV32IM_5SP,RV32IM_7SP_BRAM,/home/khwl/Desktop/RV-IM100/riscof-env/build/embench/rv32im/nettle-sha256.hex,4630428,0,1,1,30,stop-marker
RV32IM_5SP,RV32IM_7SP_BRAM,/home/khwl/Desktop/RV-IM100/riscof-env/build/embench/rv32im/picojpeg.hex,4320968,0,1,1,30,stop-marker
RV32IM_5SP,RV32IM_7SP_BRAM,/home/khwl/Desktop/RV-IM100/riscof-env/build/embench/rv32im/qrduino.hex,3705264,0,1,1,30,stop-marker
RV32IM_5SP,RV32IM_7SP_BRAM,/home/khwl/Desktop/RV-IM100/riscof-env/build/embench/rv32im/sglib-combined.hex,2913414,0,1,1,30,stop-marker
RV32IM_5SP,RV32IM_7SP_BRAM,/home/khwl/Desktop/RV-IM100/riscof-env/build/embench/rv32im/tarfind.hex,1094979,0,1,1,30,stop-marker
RV32IM_5SP,RV32IM_7SP_BRAM,/home/khwl/Desktop/RV-IM100/riscof-env/build/embench/rv32im/statemate.hex,3314730,0,1,1,30,stop-marker
RV32IM_5SP,RV32IM_7SP_BRAM,/home/khwl/Desktop/RV-IM100/riscof-env/build/embench/rv32im/ud.hex,2929177,0,1,1,30,stop-marker
RV32IM_5SP,RV32IM_7SP_BRAM_Opt,/tmp/rv-im100/images/dhrystone_rv32im_1000it_100000000.mem,416599,0,0,0,0,stop-marker
RV32IM_5SP,RV32IM_7SP_BRAM_Opt,/tmp/rv-im100/images/coremark_rv32im_10it_100000000.mem,2810355,0,1,1,2,stop-marker
RV32IM_5SP,RV32IM_7SP_BRAM,/home/khwl/Desktop/RV-IM100/riscof-env/build/embench/rv32im/xgboost.hex,6498333,0,1,1,30,stop-marker
RV32IM_5SP,RV32IM_7SP_BRAM,/home/khwl/Desktop/RV-IM100/riscof-env/build/embench/rv32im/depthconv.hex,19194162,0,1,1,30,stop-marker
RV32IM_5SP,RV32IM_7SP_BRAM_Opt,/home/khwl/Desktop/RV-IM100/riscof-env/build/embench/rv32im/aha-mont64.hex,5128033,0,1,1,30,stop-marker
RV32IM_5SP,RV32IM_7SP_BRAM_Opt,/home/khwl/Desktop/RV-IM100/riscof-env/build/embench/rv32im/crc32.hex,4207948,0,1,1,30,stop-marker
RV32IM_5SP,RV32IM_7SP_BRAM_Opt,/home/khwl/Desktop/RV-IM100/riscof-env/build/embench/rv32im/matmult-int.hex,3114866,0,1,1,30,stop-marker
RV32IM_5SP,RV32IM_7SP_BRAM_Opt,/home/khwl/Desktop/RV-IM100/riscof-env/build/embench/rv32im/md5sum.hex,2556187,0,1,1,30,stop-marker
RV32IM_5SP,RV32IM_7SP_BRAM_Opt,/home/khwl/Desktop/RV-IM100/riscof-env/build/embench/rv32im/edn.hex,3607914,0,1,1,30,stop-marker
RV32IM_5SP,RV32IM_7SP_BRAM_Opt,/home/khwl/Desktop/RV-IM100/riscof-env/build/embench/rv32im/nsichneu.hex,2012506,0,1,1,30,stop-marker
RV32IM_5SP,RV32IM_7SP_BRAM_Opt,/home/khwl/Desktop/RV-IM100/riscof-env/build/embench/rv32im/nettle-aes.hex,4532269,0,1,1,30,stop-marker
RV32IM_5SP,RV32IM_7SP_BRAM_Opt,/home/khwl/Desktop/RV-IM100/riscof-env/build/embench/rv32im/nettle-sha256.hex,4630428,0,1,1,30,stop-marker
RV32IM_5SP,RV32IM_7SP_BRAM_Opt,/home/khwl/Desktop/RV-IM100/riscof-env/build/embench/rv32im/picojpeg.hex,4320968,0,1,1,30,stop-marker
RV32IM_5SP,RV32IM_7SP_BRAM_Opt,/home/khwl/Desktop/RV-IM100/riscof-env/build/embench/rv32im/sglib-combined.hex,2913414,0,1,1,30,stop-marker
RV32IM_5SP,RV32IM_7SP_BRAM_Opt,/home/khwl/Desktop/RV-IM100/riscof-env/build/embench/rv32im/qrduino.hex,3705264,0,1,1,30,stop-marker
RV32IM_5SP,RV32IM_7SP_BRAM_Opt,/home/khwl/Desktop/RV-IM100/riscof-env/build/embench/rv32im/tarfind.hex,1094979,0,1,1,30,stop-marker
RV32IM_5SP,RV32IM_7SP_BRAM_Opt,/home/khwl/Desktop/RV-IM100/riscof-env/build/embench/rv32im/statemate.hex,3314730,0,1,1,30,stop-marker
RV32IM_5SP,RV32IM_7SP_BRAM_Opt,/home/khwl/Desktop/RV-IM100/riscof-env/build/embench/rv32im/ud.hex,2929177,0,1,1,30,stop-marker
RV32IM_5SP,RV32IM_8SP_withoutOpt,/tmp/rv-im100/images/dhrystone_rv32im_1000it_100000000.mem,416599,0,0,0,0,stop-marker
RV32IM_5SP,RV32IM_8SP_withoutOpt,/tmp/rv-im100/images/coremark_rv32im_10it_100000000.mem,2810355,0,1,1,2,stop-marker
RV32IM_5SP,RV32IM_7SP_BRAM_Opt,/home/khwl/Desktop/RV-IM100/riscof-env/build/embench/rv32im/xgboost.hex,6498333,0,1,1,30,stop-marker
RV32IM_5SP,RV32IM_8SP_withoutOpt,/home/khwl/Desktop/RV-IM100/riscof-env/build/embench/rv32im/aha-mont64.hex,5128033,0,1,1,30,stop-marker
RV32IM_5SP,RV32IM_8SP_withoutOpt,/home/khwl/Desktop/RV-IM100/riscof-env/build/embench/rv32im/crc32.hex,4207948,0,1,1,30,stop-marker
RV32IM_5SP,RV32IM_7SP_BRAM_Opt,/home/khwl/Desktop/RV-IM100/riscof-env/build/embench/rv32im/depthconv.hex,19194162,0,1,1,30,stop-marker
RV32IM_5SP,RV32IM_8SP_withoutOpt,/home/khwl/Desktop/RV-IM100/riscof-env/build/embench/rv32im/matmult-int.hex,3114866,0,1,1,30,stop-marker
RV32IM_5SP,RV32IM_8SP_withoutOpt,/home/khwl/Desktop/RV-IM100/riscof-env/build/embench/rv32im/edn.hex,3607914,0,1,1,30,stop-marker
RV32IM_5SP,RV32IM_8SP_withoutOpt,/home/khwl/Desktop/RV-IM100/riscof-env/build/embench/rv32im/md5sum.hex,2556187,0,1,1,30,stop-marker
RV32IM_5SP,RV32IM_8SP_withoutOpt,/home/khwl/Desktop/RV-IM100/riscof-env/build/embench/rv32im/nsichneu.hex,2012506,0,1,1,30,stop-marker
RV32IM_5SP,RV32IM_8SP_withoutOpt,/home/khwl/Desktop/RV-IM100/riscof-env/build/embench/rv32im/nettle-aes.hex,4532269,0,1,1,30,stop-marker
RV32IM_5SP,RV32IM_8SP_withoutOpt,/home/khwl/Desktop/RV-IM100/riscof-env/build/embench/rv32im/nettle-sha256.hex,4630428,0,1,1,30,stop-marker
RV32IM_5SP,RV32IM_8SP_withoutOpt,/home/khwl/Desktop/RV-IM100/riscof-env/build/embench/rv32im/qrduino.hex,3705264,0,1,1,30,stop-marker
RV32IM_5SP,RV32IM_8SP_withoutOpt,/home/khwl/Desktop/RV-IM100/riscof-env/build/embench/rv32im/picojpeg.hex,4320968,0,1,1,30,stop-marker
RV32IM_5SP,RV32IM_8SP_withoutOpt,/home/khwl/Desktop/RV-IM100/riscof-env/build/embench/rv32im/sglib-combined.hex,2913414,0,1,1,30,stop-marker
RV32IM_5SP,RV32IM_8SP_withoutOpt,/home/khwl/Desktop/RV-IM100/riscof-env/build/embench/rv32im/tarfind.hex,1094979,0,1,1,30,stop-marker
RV32IM_5SP,RV32IM_8SP_withoutOpt,/home/khwl/Desktop/RV-IM100/riscof-env/build/embench/rv32im/statemate.hex,3314730,0,1,1,30,stop-marker
RV32IM_5SP,RV32IM_8SP_withoutOpt,/home/khwl/Desktop/RV-IM100/riscof-env/build/embench/rv32im/ud.hex,2929177,0,1,1,30,stop-marker
RV32IM_5SP,RV32IM_8SP,/tmp/rv-im100/images/dhrystone_rv32im_1000it_100000000.mem,416599,0,0,0,0,stop-marker
RV32IM_5SP,RV32IM_8SP,/tmp/rv-im100/images/coremark_rv32im_10it_100000000.mem,2810355,0,1,1,2,stop-marker
RV32IM_5SP,RV32IM_8SP_withoutOpt,/home/khwl/Desktop/RV-IM100/riscof-env/build/embench/rv32im/xgboost.hex,6498333,0,1,1,30,stop-marker
RV32IM_5SP,RV32IM_8SP,/home/khwl/Desktop/RV-IM100/riscof-env/build/embench/rv32im/aha-mont64.hex,5128033,0,1,1,30,stop-marker
RV32IM_5SP,RV32IM_8SP,/home/khwl/Desktop/RV-IM100/riscof-env/build/embench/rv32im/crc32.hex,4207948,0,1,1,30,stop-marker
RV32IM_5SP,RV32IM_8SP,/home/khwl/Desktop/RV-IM100/riscof-env/build/embench/rv32im/edn.hex,3607914,0,1,1,30,stop-marker
RV32IM_5SP,RV32IM_8SP_withoutOpt,/home/khwl/Desktop/RV-IM100/riscof-env/build/embench/rv32im/depthconv.hex,19194162,0,1,1,30,stop-marker
RV32IM_5SP,RV32IM_8SP,/home/khwl/Desktop/RV-IM100/riscof-env/build/embench/rv32im/matmult-int.hex,3114866,0,1,1,30,stop-marker
RV32IM_5SP,RV32IM_8SP,/home/khwl/Desktop/RV-IM100/riscof-env/build/embench/rv32im/md5sum.hex,2556187,0,1,1,30,stop-marker
RV32IM_5SP,RV32IM_8SP,/home/khwl/Desktop/RV-IM100/riscof-env/build/embench/rv32im/nsichneu.hex,2012506,0,1,1,30,stop-marker
RV32IM_5SP,RV32IM_8SP,/home/khwl/Desktop/RV-IM100/riscof-env/build/embench/rv32im/nettle-aes.hex,4532269,0,1,1,30,stop-marker
RV32IM_5SP,RV32IM_8SP,/home/khwl/Desktop/RV-IM100/riscof-env/build/embench/rv32im/nettle-sha256.hex,4630428,0,1,1,30,stop-marker
RV32IM_5SP,RV32IM_8SP,/home/khwl/Desktop/RV-IM100/riscof-env/build/embench/rv32im/sglib-combined.hex,2913414,0,1,1,30,stop-marker
RV32IM_5SP,RV32IM_8SP,/home/khwl/Desktop/RV-IM100/riscof-env/build/embench/rv32im/picojpeg.hex,4320968,0,1,1,30,stop-marker
RV32IM_5SP,RV32IM_8SP,/home/khwl/Desktop/RV-IM100/riscof-env/build/embench/rv32im/qrduino.hex,3705264,0,1,1,30,stop-marker
RV32IM_5SP,RV32IM_8SP,/home/khwl/Desktop/RV-IM100/riscof-env/build/embench/rv32im/tarfind.hex,1094979,0,1,1,30,stop-marker
RV32IM_5SP,RV32IM_8SP,/home/khwl/Desktop/RV-IM100/riscof-env/build/embench/rv32im/ud.hex,2929177,0,1,1,30,stop-marker
RV32IM_5SP,RV32IM_8SP,/home/khwl/Desktop/RV-IM100/riscof-env/build/embench/rv32im/statemate.hex,3314730,0,1,1,30,stop-marker
RV32IM_5SP,RV32IM_8SP,/home/khwl/Desktop/RV-IM100/riscof-env/build/embench/rv32im/xgboost.hex,6498333,0,1,1,30,stop-marker
RV32IM_5SP,RV32IM_8SP,/home/khwl/Desktop/RV-IM100/riscof-env/build/embench/rv32im/depthconv.hex,19194162,0,1,1,30,stop-marker
