RV32IM_7SP,board_Dhry,0,208640000,capped
RV32IM_7SP_BRAM_Opt,board_Dhry,0,236675000,capped
RV32IM_7SP_BRAM,board_Dhry,0,229745000,capped
RV32IM_8SP,board_Dhry,0,275735000,capped
RV32IM_8SP_withoutOpt,board_Dhry,0,268805000,capped
RV32IM_7SP,board_Coremark,0,1626024584,capped
RV32IM_7SP_BRAM,board_Coremark,0,1685986348,capped
RV64IM_7SP_BRAM,board_Dhry,0,223445000,capped
RV64IM_7SP_BRAM_Opt,board_Dhry,0,230375000,capped
RV32IM_7SP_BRAM_Opt,board_Coremark,0,2260706807,capped
RV32IM_8SP_withoutOpt,board_Coremark,0,2025969962,capped
RV64IM_7SP,board_Dhry,0,203915000,capped
RV64IM_8SP,board_Dhry,0,269750000,capped
RV32IM_8SP,board_Coremark,0,2710011637,capped
RV64IM_7SP_BRAM,board_Coremark,0,1871539568,capped
RV64IM_8SP_withoutOpt,board_Dhry,0,262820000,capped
RV64IM_7SP,board_Coremark,0,1287719435,capped
RV64IM_7SP_BRAM_Opt,board_Coremark,0,1897295220,capped
RV64IM_8SP,board_Coremark,0,2265220411,capped
RV64IM_8SP_withoutOpt,board_Coremark,0,2239461494,capped
