RV32I_5SP	rv32i	huffbench	True	0x10002250	0x10003250	0x100013b0	7840	3744	INTO_BSS
RV32I_5SP	rv32i	md5sum	True	0x10000c68	0x10001c70	0x100019c0	688	0	OK
RV32I_5SP	rv32i	nettle-aes	True	0x10000648	0x10001650	0x10001050	1536	0	OK
RV32I_5SP	rv32i	aha-mont64	True	0x10000058	0x10001060	0x10000f20	320	0	OK
RV32I_5SP	rv32i	nettle-sha256	True	0x100000b8	0x100010c0	0x10000f40	384	0	OK
RV32I_5SP	rv32i	nsichneu	True	0x10000088	0x10001090	0x10001030	96	0	OK
RV32I_5SP	rv32i	picojpeg	True	0x100009b8	0x100019c0	0x10001860	352	0	OK
RV32I_5SP	rv32i	qrduino	True	0x10002078	0x10003080	0x10002f70	272	0	OK
RV32I_5SP	rv32i	sglib-combined	True	0x10002230	0x10003230	0x10002cc0	1392	0	OK
RV32I_5SP	rv32i	slre	True	0x10000080	0x10001080	0x10000480	3072	0	OK
RV32I_5SP	rv32i	statemate	True	0x10000128	0x10001130	0x10001050	224	0	OK
RV32I_5SP	rv32i	matmult-int	True	0x10001f88	0x10002f90	0x10002920	1648	0	OK
RV32I_5SP	rv32i	ud	True	0x10000728	0x10001730	0x10001050	1760	0	OK
RV32I_5SP	rv32i	crc32	True	0x10000048	0x10001050	0x10000ff0	96	0	OK
RV32I_5SP	rv32i	tarfind	True	0x10002378	0x10003380	0x1000304c	820	0	OK
RV32IM_5SP	rv32im	aha-mont64	True	0x10000058	0x10001060	0x10000f60	256	0	OK
RV32I_5SP	rv32i	xgboost	True	0x10000040	0x10001040	0x10000fc0	128	0	OK
RV32IM_5SP	rv32im	crc32	True	0x10000048	0x10001050	0x10001000	80	0	OK
RV32IM_5SP	rv32im	huffbench	True	0x10002250	0x10003250	0x100013b0	7840	3744	INTO_BSS
RV32IM_5SP	rv32im	edn	True	0x10000690	0x10001690	0x10001050	1600	0	OK
RV32IM_5SP	rv32im	matmult-int	True	0x10001f88	0x10002f90	0x10002920	1648	0	OK
RV32IM_5SP	rv32im	md5sum	True	0x10000c68	0x10001c70	0x100019c0	688	0	OK
RV32I_5SP	rv32i	depthconv	False	0x10000358	0x10001360	0x1000104c	788	0	OK
RV32I_5SP	rv32i	edn	False	0x10000690	0x10001690	0x10001050	1600	0	OK
RV32IM_5SP	rv32im	nsichneu	True	0x10000088	0x10001090	0x10001030	96	0	OK
RV32IM_5SP	rv32im	nettle-sha256	True	0x100000b8	0x100010c0	0x10000f40	384	0	OK
RV32IM_5SP	rv32im	nettle-aes	True	0x10000648	0x10001650	0x10001050	1536	0	OK
RV32IM_5SP	rv32im	picojpeg	True	0x100009b8	0x100019c0	0x10001860	352	0	OK
RV32IM_5SP	rv32im	sglib-combined	True	0x10002230	0x10003230	0x10002cc0	1392	0	OK
RV32IM_5SP	rv32im	qrduino	True	0x10002078	0x10003080	0x10002f80	256	0	OK
RV32IM_5SP	rv32im	slre	True	0x10000080	0x10001080	0x10000480	3072	0	OK
RV32IM_5SP	rv32im	tarfind	True	0x10002378	0x10003380	0x1000304c	820	0	OK
RV32IM_5SP	rv32im	statemate	True	0x10000128	0x10001130	0x10001050	224	0	OK
RV32IM_5SP	rv32im	ud	True	0x10000728	0x10001730	0x1000104c	1764	0	OK
RV32IM_5SP	rv32im	depthconv	True	0x10000358	0x10001360	0x1000104c	788	0	OK
RV32IM_5SP	rv32im	xgboost	True	0x10000040	0x10001040	0x10000fc0	128	0	OK
RV64I_5SP	rv64i	aha-mont64	True	0x10000058	0x10001060	0x10000f90	208	0	OK
RV32I_5SP	rv32i	wikisort	False	0x10000f48	0x10001f50	0x10000d10	4672	568	INTO_BSS
RV64I_5SP	rv64i	crc32	True	0x10000048	0x10001050	0x10000fd0	128	0	OK
RV64I_5SP	rv64i	matmult-int	True	0x10003ec8	0x10004ed0	0x10004220	3248	0	OK
RV32IM_5SP	rv32im	wikisort	False	0x10000f48	0x10001f50	0x10000d10	4672	568	INTO_BSS
RV64I_5SP	rv64i	md5sum	True	0x10000c70	0x10001c70	0x10001990	736	0	OK
RV64I_5SP	rv64i	nsichneu	True	0x100000c0	0x100010c0	0x10001030	144	0	OK
RV64I_5SP	rv64i	nettle-sha256	True	0x100000b8	0x100010c0	0x10000ec0	512	0	OK
RV64I_5SP	rv64i	nettle-aes	True	0x10000650	0x10001650	0x10001050	1536	0	OK
RV64I_5SP	rv64i	picojpeg	True	0x100009e8	0x100019f0	0x10001810	480	0	OK
RV64I_5SP	rv64i	sglib-combined	True	0x10002290	0x10003290	0x10002a20	2160	0	OK
RV64I_5SP	rv64i	statemate	True	0x10000150	0x10001150	0x10001050	256	0	OK
RV64I_5SP	rv64i	qrduino	True	0x100020a0	0x100030a0	0x10002f00	416	0	OK
RV64I_5SP	rv64i	huffbench	False	0x10002258	0x10003260	0xfffff90	13008	8904	BELOW_RAM
RV64I_5SP	rv64i	edn	False	0x100009b8	0x100019c0	0x100014e0	1248	0	OK
RV64I_5SP	rv64i	depthconv	False	0x10000360	0x10001360	0x1000104c	788	0	OK
RV64IM_5SP	rv64im	aha-mont64	True	0x10000058	0x10001060	0x10000fd0	144	0	OK
RV64I_5SP	rv64i	ud	True	0x10000e08	0x10001e10	0x10001a00	1040	0	OK
RV64I_5SP	rv64i	xgboost	True	0x10000040	0x10001040	0x10000f90	176	0	OK
RV64IM_5SP	rv64im	crc32	True	0x10000048	0x10001050	0x10000fe0	112	0	OK
RV64I_5SP	rv64i	tarfind	True	0x10002388	0x10003390	0x1000304c	836	0	OK
RV64IM_5SP	rv64im	edn	True	0x100009b8	0x100019c0	0x10001350	1648	0	OK
RV64IM_5SP	rv64im	matmult-int	True	0x10003ec8	0x10004ed0	0x10004220	3248	0	OK
RV64IM_5SP	rv64im	md5sum	True	0x10000c70	0x10001c70	0x10001990	736	0	OK
RV64IM_5SP	rv64im	nettle-aes	True	0x10000650	0x10001650	0x10001050	1536	0	OK
RV64IM_5SP	rv64im	nettle-sha256	True	0x100000b8	0x100010c0	0x10000ec0	512	0	OK
RV64IM_5SP	rv64im	nsichneu	True	0x100000c0	0x100010c0	0x10001030	144	0	OK
RV64IM_5SP	rv64im	qrduino	True	0x100020a0	0x100030a0	0x10002f20	384	0	OK
RV64IM_5SP	rv64im	picojpeg	True	0x100009e8	0x100019f0	0x10001810	480	0	OK
RV64IM_5SP	rv64im	depthconv	True	0x10000360	0x10001360	0x1000104c	788	0	OK
RV64IM_5SP	rv64im	sglib-combined	True	0x10002290	0x10003290	0x10002a20	2160	0	OK
RV64IM_5SP	rv64im	tarfind	True	0x10002388	0x10003390	0x1000304c	836	0	OK
RV64IM_5SP	rv64im	statemate	True	0x10000150	0x10001150	0x10001050	256	0	OK
RV64IM_5SP	rv64im	ud	True	0x10000e08	0x10001e10	0x10001a80	912	0	OK
RV64IM_5SP	rv64im	xgboost	True	0x10000040	0x10001040	0x10000f90	176	0	OK
RV64I_5SP	rv64i	slre	False	0x10000090	0x10001090	0xfffffb0	4320	224	BELOW_RAM
RV64I_5SP	rv64i	wikisort	False	0x10001058	0x10002060	0x10000cc0	5024	920	INTO_BSS
RV64IM_5SP	rv64im	huffbench	False	0x10002258	0x10003260	0xfffff90	13008	8904	BELOW_RAM
RV64IM_5SP	rv64im	slre	False	0x10000090	0x10001090	0xffffec0	4560	464	BELOW_RAM
RV64IM_5SP	rv64im	wikisort	False	0x10001058	0x10002060	0x10000cc0	5024	920	INTO_BSS
