variant,benchmark,cycles,instret,CPI,verify,old_status(4KB stack),old_cycles,old_instret,elf_sha256,stack
RV32IM_5SP,huffbench,3218060,2392544,1.345,OK,ok,3523851,2618879,7b158de7f68f24cd91ee01d525b7848c477f147dffee157b6e1434d08ced5ca2,12 KB
RV32IM_5SP,slre,4272031,3071865,1.3907,OK,ok,4272033,3071867,81f311dda2a786c596d59af68af25c273afe45378b5ff4e2a46c36bd4c03689c,12 KB
RV32IM_5SP,wikisort,1700691,1225023,1.3883,OK,NO-RESULT,,,f04f11ad28cb340db56c29199438a7a77a22f54c78b4660a570c2ee30e679f86,12 KB
RV32IM_6SP,huffbench,3727029,2392543,1.5578,OK,ok,4079091,2618878,7b158de7f68f24cd91ee01d525b7848c477f147dffee157b6e1434d08ced5ca2,12 KB
RV32IM_6SP,slre,4685570,3071864,1.5253,OK,ok,4685572,3071866,81f311dda2a786c596d59af68af25c273afe45378b5ff4e2a46c36bd4c03689c,12 KB
RV32IM_6SP,wikisort,1810355,1225022,1.4778,OK,NO-RESULT,,,f04f11ad28cb340db56c29199438a7a77a22f54c78b4660a570c2ee30e679f86,12 KB
RV32IM_7SP,huffbench,5063229,2392543,2.1163,OK,ok,5541177,2618878,7b158de7f68f24cd91ee01d525b7848c477f147dffee157b6e1434d08ced5ca2,12 KB
RV32IM_7SP,slre,6215616,3071864,2.0234,OK,ok,6215618,3071866,81f311dda2a786c596d59af68af25c273afe45378b5ff4e2a46c36bd4c03689c,12 KB
RV32IM_7SP,wikisort,2367563,1225022,1.9327,OK,NO-RESULT,,,f04f11ad28cb340db56c29199438a7a77a22f54c78b4660a570c2ee30e679f86,12 KB
RV32IM_7SP_BRAM,huffbench,5244767,2392543,2.1921,OK,ok,5741374,2618849,7b158de7f68f24cd91ee01d525b7848c477f147dffee157b6e1434d08ced5ca2,12 KB
RV32IM_7SP_BRAM,slre,6557602,3071864,2.1347,OK,ok,6557559,3071837,81f311dda2a786c596d59af68af25c273afe45378b5ff4e2a46c36bd4c03689c,12 KB
RV32IM_7SP_BRAM,wikisort,2535602,1225022,2.0698,OK,NO-RESULT,,,f04f11ad28cb340db56c29199438a7a77a22f54c78b4660a570c2ee30e679f86,12 KB
RV32IM_7SP_BRAM_Opt,huffbench,5444754,2392516,2.2757,OK,ok,5961793,2618849,7b158de7f68f24cd91ee01d525b7848c477f147dffee157b6e1434d08ced5ca2,12 KB
RV32IM_7SP_BRAM_Opt,slre,6881204,3071837,2.2401,OK,ok,6881204,3071837,81f311dda2a786c596d59af68af25c273afe45378b5ff4e2a46c36bd4c03689c,12 KB
RV32IM_7SP_BRAM_Opt,wikisort,2685794,1224995,2.1925,OK,NO-RESULT,,,f04f11ad28cb340db56c29199438a7a77a22f54c78b4660a570c2ee30e679f86,12 KB
RV32IM_8SP,huffbench,6660859,2392516,2.784,OK,ok,7290671,2618849,7b158de7f68f24cd91ee01d525b7848c477f147dffee157b6e1434d08ced5ca2,12 KB
RV32IM_8SP,slre,8089587,3071837,2.6335,OK,ok,8089587,3071837,81f311dda2a786c596d59af68af25c273afe45378b5ff4e2a46c36bd4c03689c,12 KB
RV32IM_8SP,wikisort,3064611,1224995,2.5017,OK,NO-RESULT,,,f04f11ad28cb340db56c29199438a7a77a22f54c78b4660a570c2ee30e679f86,12 KB
RV32IM_8SP_withoutOpt,huffbench,6460829,2392516,2.7004,OK,ok,7070252,2618849,7b158de7f68f24cd91ee01d525b7848c477f147dffee157b6e1434d08ced5ca2,12 KB
RV32IM_8SP_withoutOpt,slre,7765942,3071837,2.5281,OK,ok,7765942,3071837,81f311dda2a786c596d59af68af25c273afe45378b5ff4e2a46c36bd4c03689c,12 KB
RV32IM_8SP_withoutOpt,wikisort,2914376,1224995,2.3791,OK,NO-RESULT,,,f04f11ad28cb340db56c29199438a7a77a22f54c78b4660a570c2ee30e679f86,12 KB
RV32I_5SP,huffbench,3181870,2393578,1.3293,OK,ok,3484371,2620007,d51fdfc4347ead2a34d2b895d7ead7051725111435fce458abbfe02327d603b2,12 KB
RV32I_5SP,slre,4272031,3071865,1.3907,OK,ok,4272033,3071867,3590218a800645d13ba6be581608420ad500e5840ac978efc6f2813874df3099,12 KB
RV32I_5SP,wikisort,2823599,2210035,1.2776,OK,NO-RESULT,,,847cdc37a2d1ea2c108656c8606a0fcefaa7ecb3b819eaafedf608d97a4e0c90,12 KB
RV64IM_5SP,huffbench,3520460,2617680,1.3449,OK,NO-RESULT,,,c290191e158a955a0b534e3a92d98ecee572548c2c717a19a9259144be61ab68,12 KB
RV64IM_5SP,slre,4402511,3153393,1.3961,OK,NO-RESULT,,,2229dd70e4ece6659acd3249061403814ed58e5862077b8f57467c16db0f2d5c,12 KB
RV64IM_5SP,wikisort,1949753,1443229,1.351,OK,NO-RESULT,,,99982841511542f3c3cb881299ba78b29bb171c8c7bf2e5651444ee9a1bbde47,12 KB
RV64IM_6SP,huffbench,4045774,2617679,1.5456,OK,NO-RESULT,,,c290191e158a955a0b534e3a92d98ecee572548c2c717a19a9259144be61ab68,12 KB
RV64IM_6SP,slre,4801320,3153392,1.5226,OK,NO-RESULT,,,2229dd70e4ece6659acd3249061403814ed58e5862077b8f57467c16db0f2d5c,12 KB
RV64IM_6SP,wikisort,2057843,1443228,1.4259,OK,NO-RESULT,,,99982841511542f3c3cb881299ba78b29bb171c8c7bf2e5651444ee9a1bbde47,12 KB
RV64IM_7SP,huffbench,5513298,2617679,2.1062,OK,NO-RESULT,,,c290191e158a955a0b534e3a92d98ecee572548c2c717a19a9259144be61ab68,12 KB
RV64IM_7SP,slre,6355262,3153392,2.0154,OK,NO-RESULT,,,2229dd70e4ece6659acd3249061403814ed58e5862077b8f57467c16db0f2d5c,12 KB
RV64IM_7SP,wikisort,2613411,1443228,1.8108,OK,NO-RESULT,,,99982841511542f3c3cb881299ba78b29bb171c8c7bf2e5651444ee9a1bbde47,12 KB
RV64IM_7SP_BRAM,huffbench,5708036,2617679,2.1806,OK,NO-RESULT,,,c290191e158a955a0b534e3a92d98ecee572548c2c717a19a9259144be61ab68,12 KB
RV64IM_7SP_BRAM,slre,6729724,3153392,2.1341,OK,NO-RESULT,,,2229dd70e4ece6659acd3249061403814ed58e5862077b8f57467c16db0f2d5c,12 KB
RV64IM_7SP_BRAM,wikisort,2804139,1443228,1.943,OK,NO-RESULT,,,99982841511542f3c3cb881299ba78b29bb171c8c7bf2e5651444ee9a1bbde47,12 KB
RV64IM_7SP_BRAM_Opt,huffbench,5927329,2617666,2.2644,OK,NO-RESULT,,,c290191e158a955a0b534e3a92d98ecee572548c2c717a19a9259144be61ab68,12 KB
RV64IM_7SP_BRAM_Opt,slre,7034316,3153379,2.2307,OK,NO-RESULT,,,2229dd70e4ece6659acd3249061403814ed58e5862077b8f57467c16db0f2d5c,12 KB
RV64IM_7SP_BRAM_Opt,wikisort,2952659,1443215,2.0459,OK,NO-RESULT,,,99982841511542f3c3cb881299ba78b29bb171c8c7bf2e5651444ee9a1bbde47,12 KB
RV64IM_8SP,huffbench,7237216,2617666,2.7648,OK,NO-RESULT,,,c290191e158a955a0b534e3a92d98ecee572548c2c717a19a9259144be61ab68,12 KB
RV64IM_8SP,slre,8251629,3153379,2.6168,OK,NO-RESULT,,,2229dd70e4ece6659acd3249061403814ed58e5862077b8f57467c16db0f2d5c,12 KB
RV64IM_8SP,wikisort,3379250,1443215,2.3415,OK,NO-RESULT,,,99982841511542f3c3cb881299ba78b29bb171c8c7bf2e5651444ee9a1bbde47,12 KB
RV64IM_8SP_withoutOpt,huffbench,7017894,2617666,2.681,OK,NO-RESULT,,,c290191e158a955a0b534e3a92d98ecee572548c2c717a19a9259144be61ab68,12 KB
RV64IM_8SP_withoutOpt,slre,7927868,3153379,2.5141,OK,NO-RESULT,,,2229dd70e4ece6659acd3249061403814ed58e5862077b8f57467c16db0f2d5c,12 KB
RV64IM_8SP_withoutOpt,wikisort,3230701,1443215,2.2385,OK,NO-RESULT,,,99982841511542f3c3cb881299ba78b29bb171c8c7bf2e5651444ee9a1bbde47,12 KB
RV64I_5SP,huffbench,3480980,2618808,1.3292,OK,NO-RESULT,,,1813c3e12f79caadd191ba558bc76d98a42c80e52ada3a444bb90681c6374601,12 KB
RV64I_5SP,slre,4382327,3167545,1.3835,OK,NO-RESULT,,,a4d8d11b46fa67640ee641b9254d25dfd9c3921bd95b5e9bcf42855fe488e787,12 KB
RV64I_5SP,wikisort,3046293,2431441,1.2529,OK,NO-RESULT,,,f84b0d2e426a74c9f41c0b05b7eec31d7e140e0360fed5f9b9cdf67bbeab4a38,12 KB
